"iso3","year","grant"
"AFG",2013,5156.47
"AFG",2014,4995.65
"AFG",2015,4317.94
"AFG",2016,4133.9
"AFG",2017,3712.57
"AFG",2018,3625.9
"AFG",2019,4214.65
"AFG",2006,2858.57
"AFG",2007,4853.56
"AFG",1995,212.59
"AFG",1996,169.69
"AFG",1997,230.78
"AFG",1998,164.34
"AFG",1999,141.19
"AFG",2000,136.01
"AFG",2001,410.36
"AFG",2002,1258.66
"AFG",2003,1528.38
"AFG",2004,2135.83
"AFG",2005,2723.02
"AFG",2010,6319.47
"AFG",2011,6723.36
"AFG",2008,4736.71
"AFG",2009,6061.13
"AFG",2012,6617.1
"ALB",2001,198.8
"ALB",2002,187.47
"ALB",2005,240.68
"ALB",2006,250.07
"ALB",2003,257.71
"ALB",1996,166.72
"ALB",1997,112
"ALB",1998,161.06
"ALB",1995,108.31
"ALB",2010,264.84
"ALB",1999,349.56
"ALB",2000,215.92
"ALB",2013,201.34
"ALB",2014,243.44
"ALB",2004,203.42
"ALB",2015,295.6
"ALB",2016,212.94
"ALB",2017,216.71
"ALB",2018,275.95
"ALB",2007,234.08
"ALB",2008,302.33
"ALB",2009,268.91
"ALB",2011,264.66
"ALB",2012,244.18
"ALB",2019,252.84
"DZA",2013,267.34
"DZA",2016,214.32
"DZA",2017,266.03
"DZA",2018,258.4
"DZA",1995,170.79
"DZA",1996,212.89
"DZA",1997,142.93
"DZA",2019,257.77
"DZA",1998,213.8
"DZA",1999,140.97
"DZA",2000,137.43
"DZA",2014,238.94
"DZA",2015,192.94
"DZA",2003,218.76
"DZA",2004,290.78
"DZA",2005,323.31
"DZA",2008,319.44
"DZA",2010,260.8
"DZA",2006,349.46
"DZA",2007,390.55
"DZA",2001,119.83
"DZA",2002,190.28
"DZA",2011,291.7
"DZA",2012,250.53
"DZA",2009,309.96
"AGO",1998,268.04
"AGO",1999,318.72
"AGO",1996,375.13
"AGO",1997,298.89
"AGO",2009,237.68
"AGO",2000,253.35
"AGO",2001,270.37
"AGO",2005,383.93
"AGO",1995,398.87
"AGO",2019,205.03
"AGO",2007,360.61
"AGO",2008,347.73
"AGO",2002,396.58
"AGO",2003,492.33
"AGO",2010,245.34
"AGO",2011,202.51
"AGO",2013,212.47
"AGO",2014,201.47
"AGO",2015,164.23
"AGO",2016,198.11
"AGO",2017,200.97
"AGO",2006,367.46
"AGO",2012,211.31
"AGO",2004,435.12
"AGO",2018,189.1
"AIA",1998,5.47
"AIA",2000,3.79
"AIA",2002,1.93
"AIA",1999,2.88
"AIA",2003,2.69
"AIA",1997,2.44
"AIA",2005,4.34
"AIA",2006,4.75
"AIA",2007,2.72
"AIA",2004,2.38
"AIA",1996,2.65
"AIA",2010,8.65
"AIA",2011,0.54
"AIA",2009,1.54
"AIA",2001,3.16
"AIA",2013,7.9
"AIA",2008,3.74
"AIA",2012,5.23
"AIA",1995,3.45
"ATG",2007,5.95
"ATG",2017,11.38
"ATG",2011,16.18
"ATG",2012,2.34
"ATG",2016,7.39
"ATG",2010,20.17
"ATG",2014,3.18
"ATG",2018,4.46
"ATG",2019,23.83
"ATG",2015,2.73
"ATG",2004,2.64
"ATG",2006,3.96
"ATG",2008,5.52
"ATG",2003,3.9
"ATG",1995,1.91
"ATG",1996,1.29
"ATG",1997,1.94
"ATG",2009,4.26
"ATG",1999,9.38
"ATG",2013,2.6
"ATG",2000,5.12
"ATG",2001,6.94
"ATG",2002,11.5
"ATG",2005,8.29
"ATG",1998,11.16
"ARG",2011,120.86
"ARG",2018,78.01
"ARG",2016,69.97
"ARG",2001,85.66
"ARG",2002,112.11
"ARG",2019,91.66
"ARG",1995,120.16
"ARG",1996,105.06
"ARG",1998,105.65
"ARG",1997,106.65
"ARG",2008,125.64
"ARG",2009,128.06
"ARG",2006,94.38
"ARG",2017,76.08
"ARG",2015,67.88
"ARG",2000,88.69
"ARG",1999,90.94
"ARG",2012,97.03
"ARG",2003,100.36
"ARG",2004,89.09
"ARG",2005,79.11
"ARG",2007,109.65
"ARG",2014,83.52
"ARG",2013,87.03
"ARG",2010,106.94
"ARM",1996,140.3
"ARM",2019,156.18
"ARM",2017,131.94
"ARM",1997,49.24
"ARM",1998,78.99
"ARM",2008,170.6
"ARM",2002,195.03
"ARM",2018,159.23
"ARM",2016,202.87
"ARM",2001,131.15
"ARM",2006,162.41
"ARM",2003,149.93
"ARM",2010,196.07
"ARM",2005,149.88
"ARM",1999,103.1
"ARM",2009,177.08
"ARM",2015,177.3
"ARM",2000,155.59
"ARM",2011,268.44
"ARM",2013,161.61
"ARM",2014,153.5
"ARM",1995,129.21
"ARM",2004,162.9
"ARM",2012,158.29
"ARM",2007,170.87
"ABW",1996,27.89
"ABW",1995,29.06
"ABW",1999,0.06
"ABW",1998,18.74
"ABW",1997,32.39
"AZE",2000,82.03
"AZE",2002,142.16
"AZE",2010,142.88
"AZE",2003,123.78
"AZE",1999,77.36
"AZE",2005,154.5
"AZE",2011,156.54
"AZE",2004,129.05
"AZE",1998,68.1
"AZE",2009,137.32
"AZE",2016,87.17
"AZE",2001,91.86
"AZE",2019,96.19
"AZE",1997,51.06
"AZE",2015,92.21
"AZE",2017,92.04
"AZE",2018,92.34
"AZE",1996,60.56
"AZE",2012,128.66
"AZE",2013,146.19
"AZE",2007,147.98
"AZE",2014,138.74
"AZE",1995,89.34
"AZE",2006,156.79
"AZE",2008,153.92
"BHS",1995,6.09
"BHR",2000,35.56
"BHR",2003,56.34
"BHR",2004,9.72
"BHR",1999,67.57
"BHR",1995,106.9
"BHR",1996,142.86
"BHR",2002,12.38
"BHR",2001,61.92
"BHR",1997,135.65
"BHR",1998,186.11
"BGD",2019,1826.37
"BGD",2018,1532.14
"BGD",2017,1353.59
"BGD",2016,1135.9
"BGD",2007,1093.63
"BGD",1997,812.93
"BGD",1996,864.55
"BGD",1995,971.53
"BGD",2015,1159.24
"BGD",2014,1336.78
"BGD",2008,1975.53
"BGD",2009,1105.03
"BGD",2000,803.78
"BGD",1998,858.83
"BGD",1999,844.62
"BGD",2010,1285.51
"BGD",2006,985.91
"BGD",2002,748.01
"BGD",2013,1550.94
"BGD",2003,725.57
"BGD",2011,1337.56
"BGD",2005,826.62
"BGD",2012,1304.01
"BGD",2001,808.12
"BGD",2004,1031.53
"BRB",1997,4.87
"BRB",1998,5.51
"BRB",1996,3.67
"BRB",2006,6.44
"BRB",2007,14.9
"BRB",2001,4
"BRB",1999,1.85
"BRB",2005,7.33
"BRB",2008,7.51
"BRB",1995,2.61
"BRB",2009,11.38
"BRB",2010,15.61
"BRB",2000,2.77
"BRB",2002,4
"BRB",2003,4.02
"BRB",2004,5.61
"BLR",2018,123
"BLR",2019,128.94
"BLR",2010,141.15
"BLR",2009,102.98
"BLR",2016,114.58
"BLR",2017,129.76
"BLR",2012,107.74
"BLR",2008,115.98
"BLR",2015,109.46
"BLR",2011,124.7
"BLR",2013,112.32
"BLR",2006,78.46
"BLR",2007,90.21
"BLR",2014,125.57
"BLR",2005,59.92
"BLZ",2012,26.86
"BLZ",2010,24.77
"BLZ",2015,26.42
"BLZ",2014,37.31
"BLZ",2011,20.89
"BLZ",2009,20.27
"BLZ",1996,14.56
"BLZ",2013,41.51
"BLZ",2017,26.66
"BLZ",1995,19.81
"BLZ",2005,14.38
"BLZ",1997,11.07
"BLZ",2008,21.49
"BLZ",2006,13.14
"BLZ",2004,9.46
"BLZ",2002,15.86
"BLZ",2016,32.88
"BLZ",2018,21.86
"BLZ",2003,13.34
"BLZ",2001,29.86
"BLZ",1998,34.04
"BLZ",2007,19.58
"BLZ",2019,45.47
"BLZ",2000,17.11
"BLZ",1999,19.82
"BEN",2014,439.71
"BEN",2015,309.65
"BEN",2016,360.49
"BEN",1996,189.25
"BEN",2017,492.79
"BEN",2018,414.52
"BEN",2011,619.2
"BEN",2005,315.47
"BEN",2012,446.58
"BEN",2013,430.8
"BEN",2019,489.78
"BEN",1995,210.5
"BEN",2007,380.24
"BEN",1997,203.91
"BEN",2010,552.38
"BEN",2008,496.7
"BEN",2006,1469.17
"BEN",2004,420.78
"BEN",2009,572.94
"BEN",2001,212.74
"BEN",2003,295.3
"BEN",2000,219.54
"BEN",1998,186.65
"BEN",1999,163.7
"BEN",2002,210.34
"BMU",1995,0.09
"BMU",1996,0.07
"BTN",1997,55.87
"BTN",1996,55.62
"BTN",2009,78.76
"BTN",2000,42.65
"BTN",1995,67.38
"BTN",2006,82.32
"BTN",1998,48.6
"BTN",2008,71.59
"BTN",2010,71.06
"BTN",2016,59.56
"BTN",1999,60.54
"BTN",2015,81.63
"BTN",2014,79.63
"BTN",2001,47.39
"BTN",2007,88.22
"BTN",2002,51.89
"BTN",2013,108.94
"BTN",2011,83.91
"BTN",2017,74.59
"BTN",2005,70.66
"BTN",2018,74.78
"BTN",2019,116.76
"BTN",2003,64.75
"BTN",2004,64.48
"BTN",2012,104.94
"BOL",2002,829.19
"BOL",1999,406.79
"BOL",2003,737.84
"BOL",2007,520.93
"BOL",2006,2380.82
"BOL",2015,292.24
"BOL",2004,1042.74
"BOL",1998,420.69
"BOL",1995,538.46
"BOL",2009,580.99
"BOL",2001,597.78
"BOL",2005,531.48
"BOL",2014,348.71
"BOL",1997,492.75
"BOL",2016,303.06
"BOL",2013,394.2
"BOL",2012,429.18
"BOL",1996,576.55
"BOL",2017,326.63
"BOL",2000,380.99
"BOL",2008,558.77
"BOL",2010,630.42
"BOL",2019,270.11
"BOL",2011,503.79
"BOL",2018,310.87
"BIH",1995,965.8
"BIH",2016,273.07
"BIH",1997,787.24
"BIH",1999,1172.75
"BIH",2005,415.82
"BIH",2004,437.97
"BIH",2017,324
"BIH",2006,451.27
"BIH",1996,736.19
"BIH",2003,469.83
"BIH",2015,353.11
"BIH",1998,751.23
"BIH",2008,393.59
"BIH",2002,448.35
"BIH",2000,674.43
"BIH",2018,298.11
"BIH",2007,519.27
"BIH",2009,345.23
"BIH",2014,436.91
"BIH",2012,333.24
"BIH",2001,554.95
"BIH",2013,360.08
"BIH",2011,331.96
"BIH",2019,362.81
"BIH",2010,373.26
"BWA",1999,60.08
"BWA",2009,271.49
"BWA",1998,76.83
"BWA",2008,748.16
"BWA",1995,79.49
"BWA",1997,82.18
"BWA",2006,85.24
"BWA",2007,116.92
"BWA",2010,157.78
"BWA",2000,36.25
"BWA",1996,67.05
"BWA",2019,78.68
"BWA",2018,85.77
"BWA",2012,94.55
"BWA",2011,126
"BWA",2005,66.12
"BWA",2004,63.59
"BWA",2017,104.73
"BWA",2013,121.9
"BWA",2001,34.15
"BWA",2016,96.94
"BWA",2015,80.26
"BWA",2003,42.33
"BWA",2002,51.95
"BWA",2014,116.29
"BRA",2018,436.11
"BRA",1998,280.57
"BRA",1999,260.24
"BRA",2016,518.2
"BRA",2017,414.56
"BRA",1997,276.21
"BRA",2007,412.45
"BRA",2014,491.18
"BRA",2015,468.98
"BRA",1996,310.13
"BRA",1995,309.57
"BRA",2000,242.44
"BRA",2010,421.79
"BRA",2009,433.47
"BRA",2008,438.48
"BRA",2006,305.25
"BRA",2019,380.07
"BRA",2012,492.1
"BRA",2005,301.71
"BRA",2013,1097.43
"BRA",2011,429.83
"BRA",2004,290.73
"BRA",2001,250.73
"BRA",2002,256.28
"BRA",2003,308.6
"VGB",1995,0.45
"VGB",1998,1.53
"VGB",1997,1.62
"VGB",1996,1.21
"VGB",1999,1.28
"BRN",1995,4.29
"BFA",2001,306.51
"BFA",2007,756.01
"BFA",2003,473.49
"BFA",2016,731.39
"BFA",2014,1043.07
"BFA",2004,522.67
"BFA",2005,536.3
"BFA",2009,851.57
"BFA",2006,2000.23
"BFA",2002,338.13
"BFA",2015,752.09
"BFA",2011,864.88
"BFA",2010,884.64
"BFA",2008,748.27
"BFA",1995,364.04
"BFA",1997,305.47
"BFA",2019,919.15
"BFA",2000,293.4
"BFA",1996,351.5
"BFA",1999,305.9
"BFA",1998,307.26
"BFA",2017,764.52
"BFA",2018,831.54
"BFA",2012,986.51
"BFA",2013,1012.88
"BDI",2019,499.79
"BDI",2002,152.32
"BDI",2018,407.6
"BDI",2017,431.95
"BDI",2015,359.32
"BDI",2001,145.25
"BDI",2016,770.96
"BDI",2013,556.09
"BDI",2014,501.65
"BDI",2003,203.32
"BDI",2004,285.63
"BDI",2012,503.04
"BDI",1999,81.32
"BDI",2000,74.6
"BDI",2011,541.22
"BDI",1996,101.81
"BDI",2005,331.95
"BDI",2010,594.99
"BDI",2007,481.54
"BDI",1998,64.33
"BDI",2009,893.19
"BDI",2006,402.72
"BDI",1997,64.48
"BDI",2008,497.49
"BDI",1995,272.6
"CPV",2000,73.78
"CPV",2008,168.15
"CPV",1996,96.81
"CPV",2017,95.4
"CPV",1999,77.02
"CPV",2007,126.86
"CPV",2002,63.4
"CPV",1997,96.86
"CPV",1995,100.19
"CPV",2016,72.4
"CPV",1998,97.5
"CPV",2018,69.61
"CPV",2019,85.98
"CPV",2001,42.48
"CPV",2015,79.6
"CPV",2009,169.12
"CPV",2010,174.55
"CPV",2003,115.81
"CPV",2006,102.36
"CPV",2014,87.37
"CPV",2004,114.22
"CPV",2005,118.02
"CPV",2013,86.59
"CPV",2012,82.42
"CPV",2011,111.9
"KHM",2002,315.99
"KHM",1999,216.16
"KHM",2003,358.47
"KHM",2006,511.2
"KHM",2010,619.21
"KHM",2000,301.11
"KHM",2001,314.58
"KHM",1997,294.07
"KHM",2007,561.51
"KHM",2011,638.29
"KHM",2009,572.45
"KHM",1996,338.27
"KHM",1998,291.42
"KHM",2012,682.12
"KHM",2004,335.81
"KHM",1995,440.46
"KHM",2005,410.73
"KHM",2019,563.3
"KHM",2008,548
"KHM",2014,634.25
"KHM",2017,589.95
"KHM",2018,584.08
"KHM",2016,570.75
"KHM",2013,646.33
"KHM",2015,532.8
"CMR",2012,484.39
"CMR",2013,508.81
"CMR",2017,560.44
"CMR",2018,615.54
"CMR",2016,455.15
"CMR",2011,577.38
"CMR",2009,529.99
"CMR",2010,515.28
"CMR",2014,498.43
"CMR",2015,433.18
"CMR",1997,235.47
"CMR",1998,384.69
"CMR",2005,487.64
"CMR",2019,718.37
"CMR",2008,1033.93
"CMR",2007,2021.57
"CMR",2004,758.96
"CMR",1995,329.02
"CMR",1996,355.53
"CMR",1999,286.89
"CMR",2003,939.95
"CMR",2006,3296.86
"CMR",2002,520.96
"CMR",2001,414.15
"CMR",2000,326.78
"CYM",1995,0.35
"CYM",1996,0.24
"CAF",2006,192.38
"CAF",2005,99.69
"CAF",2003,58.37
"CAF",1995,155.67
"CAF",2002,66.62
"CAF",2000,77.96
"CAF",2004,118.63
"CAF",2017,451.13
"CAF",2016,454.54
"CAF",2007,187.01
"CAF",2019,715.92
"CAF",2014,576.28
"CAF",2018,509.81
"CAF",2001,79.56
"CAF",2010,255.63
"CAF",1996,163.02
"CAF",1997,99.87
"CAF",1998,129.2
"CAF",2013,210.78
"CAF",2015,467.15
"CAF",2008,254.83
"CAF",2009,371.35
"CAF",1999,118.47
"CAF",2012,221.15
"CAF",2011,271.51
"TCD",1999,101.6
"TCD",1998,134.07
"TCD",2010,492.95
"TCD",2001,137.8
"TCD",1996,178.32
"TCD",2002,143.13
"TCD",2000,93.62
"TCD",1997,153.66
"TCD",2019,580.43
"TCD",2018,571.75
"TCD",2017,472.06
"TCD",2003,167.94
"TCD",2005,315.84
"TCD",1995,182.62
"TCD",2013,499.16
"TCD",2012,500.32
"TCD",2004,269.63
"TCD",2009,571.64
"TCD",2016,474.69
"TCD",2011,478.34
"TCD",2008,487.04
"TCD",2007,360.23
"TCD",2015,1049.17
"TCD",2014,404.51
"TCD",2006,257.33
"CHL",2008,86.08
"CHL",1997,113.96
"CHL",1996,133.08
"CHL",1999,77.25
"CHL",1998,97.72
"CHL",2009,89.12
"CHL",2012,87.23
"CHL",2015,71.59
"CHL",2000,73.91
"CHL",2006,78.74
"CHL",2016,67.75
"CHL",2003,85.26
"CHL",2001,80.56
"CHL",2005,152.46
"CHL",2010,134.13
"CHL",2004,105.34
"CHL",2017,72.35
"CHL",2007,83.92
"CHL",1995,150.54
"CHL",2002,70.44
"CHL",2011,90.14
"CHL",2013,87.48
"CHL",2014,100.46
"CHN",2013,964.83
"CHN",2012,1127.55
"CHN",2011,1359.8
"CHN",2007,1480.76
"CHN",2017,694.58
"CHN",2015,735.75
"CHN",2008,1627.31
"CHN",2016,688.86
"CHN",2019,754.9
"CHN",2010,1442.95
"CHN",2006,1370.39
"CHN",2014,842.32
"CHN",2018,738.81
"CHN",1995,890.19
"CHN",2009,1437.98
"CHN",2003,1163.9
"CHN",1997,738.7
"CHN",2005,1229.47
"CHN",1996,792.79
"CHN",2000,863.48
"CHN",2004,1313.93
"CHN",2002,918.21
"CHN",1999,947.76
"CHN",2001,793.49
"CHN",1998,862.37
"COL",2010,562.73
"COL",2006,1023.74
"COL",2007,753.53
"COL",2005,716.18
"COL",2000,261.11
"COL",2009,1072.54
"COL",2016,756.2
"COL",2011,878.08
"COL",2017,828.6
"COL",2004,613.5
"COL",2008,994.86
"COL",2001,450.43
"COL",2014,707.65
"COL",2003,868.87
"COL",2002,509.74
"COL",1999,326.74
"COL",1996,169.04
"COL",2012,702.42
"COL",2013,683.08
"COL",2018,919.09
"COL",1995,171.06
"COL",1997,159.39
"COL",1998,176.53
"COL",2015,778.81
"COL",2019,1096.83
"COM",2012,109.09
"COM",2015,64.95
"COM",2008,44.27
"COM",1996,32.59
"COM",2010,70.91
"COM",1997,26.83
"COM",2014,77.72
"COM",2013,175.23
"COM",2017,67.61
"COM",1998,40.58
"COM",2016,55.52
"COM",2011,55.92
"COM",2009,52.55
"COM",1995,32.2
"COM",2006,33.42
"COM",2018,73.96
"COM",2000,19.69
"COM",2007,45.9
"COM",2019,96
"COM",2005,25.19
"COM",2004,26.41
"COM",2003,19.41
"COM",1999,25.87
"COM",2001,19.48
"COM",2002,18.49
"COG",1999,149.68
"COG",2007,138.48
"COG",1998,83.31
"COG",1997,264.32
"COG",1996,340.15
"COG",2010,1387.54
"COG",2001,53.73
"COG",1995,129.1
"COG",2000,50.43
"COG",2012,147.47
"COG",2016,96.87
"COG",2009,313.61
"COG",2011,315.08
"COG",2006,284.63
"COG",2017,106.98
"COG",2008,493.33
"COG",2005,1320.55
"COG",2003,65.38
"COG",2013,156.45
"COG",2004,109.93
"COG",2014,122.35
"COG",2015,111.19
"COG",2019,123.11
"COG",2018,108.23
"COG",2002,85.56
"COK",2019,30.61
"COK",2018,35.17
"COK",2015,26.62
"COK",2017,21.25
"COK",2016,18.57
"COK",2000,4.07
"COK",2002,3.9
"COK",2007,9.9
"COK",2012,19.89
"COK",1999,5.25
"COK",1995,11.23
"COK",2014,28.86
"COK",2003,5.66
"COK",1998,6.19
"COK",2004,7.66
"COK",2013,16.31
"COK",2011,24.75
"COK",2001,4.47
"COK",2008,4.87
"COK",2009,6.38
"COK",1996,7.35
"COK",1997,7.68
"COK",2006,32.54
"COK",2010,13.8
"COK",2005,7.21
"CRI",1997,72.87
"CRI",2015,54.57
"CRI",2018,55.67
"CRI",2016,52.32
"CRI",2019,52.58
"CRI",2017,63.75
"CRI",1999,47.05
"CRI",2011,53.08
"CRI",2014,57.29
"CRI",2012,54.8
"CRI",2007,102.52
"CRI",1995,104.77
"CRI",1998,64.07
"CRI",2013,54.9
"CRI",2002,47.08
"CRI",2009,63.17
"CRI",2000,50.03
"CRI",2006,49.39
"CRI",2010,78.62
"CRI",1996,90.91
"CRI",2001,62.23
"CRI",2008,77.13
"CRI",2003,51.4
"CRI",2004,59.13
"CRI",2005,51.07
"CIV",2007,298.91
"CIV",2009,1387.5
"CIV",2010,695.91
"CIV",2006,329.69
"CIV",2000,310.34
"CIV",2001,283.63
"CIV",2005,224.93
"CIV",2002,749.44
"CIV",2017,949.85
"CIV",2008,794.58
"CIV",2012,2773.79
"CIV",2016,784.18
"CIV",2015,647.06
"CIV",2003,361.92
"CIV",2011,743.18
"CIV",2014,926.82
"CIV",2018,820.04
"CIV",1998,608.35
"CIV",1995,576.24
"CIV",2004,300.45
"CIV",1999,451.42
"CIV",1997,404.34
"CIV",1996,606.16
"CIV",2019,775.39
"CIV",2013,1876.11
"HRV",2004,138.85
"HRV",2005,134.17
"HRV",2003,135.37
"HRV",2009,178.64
"HRV",2010,147.14
"HRV",2001,110.5
"HRV",1998,58.14
"HRV",2006,210.75
"HRV",2008,246.93
"HRV",2007,176.2
"HRV",2002,122.99
"HRV",2000,76.44
"HRV",1999,60.2
"HRV",1996,54.24
"HRV",1997,56.62
"HRV",1995,50.46
"CUB",2001,52.2
"CUB",1998,67.93
"CUB",1999,57.75
"CUB",2000,45.07
"CUB",2016,2609.1
"CUB",2002,62.11
"CUB",1995,63.63
"CUB",2015,547.95
"CUB",2008,107.53
"CUB",2010,132.7
"CUB",2011,80.98
"CUB",1997,62.2
"CUB",2019,485.67
"CUB",2003,78.83
"CUB",1996,56.26
"CUB",2006,78.71
"CUB",2007,86.27
"CUB",2014,264.14
"CUB",2017,697
"CUB",2009,113
"CUB",2005,75.28
"CUB",2012,83.46
"CUB",2013,93.26
"CUB",2018,536.35
"CUB",2004,84.69
"CYP",1996,20.85
"CYP",1995,21.28
"PRK",2011,115.74
"PRK",2003,119.89
"PRK",1995,13.48
"PRK",2012,94.47
"PRK",2002,255.76
"PRK",1996,23.82
"PRK",2014,155.1
"PRK",2019,151.71
"PRK",1998,86.72
"PRK",2013,109.57
"PRK",1997,86.32
"PRK",2015,129.85
"PRK",2010,76.24
"PRK",2004,147.69
"PRK",2006,51.52
"PRK",2001,98.9
"PRK",2005,78.03
"PRK",2017,129.64
"PRK",1999,191.98
"PRK",2007,104.38
"PRK",2000,57.18
"PRK",2016,121.63
"PRK",2008,208.3
"PRK",2009,67.35
"PRK",2018,122.4
"COD",2000,186.3
"COD",2009,2134.79
"COD",2001,251.27
"COD",2019,2773.64
"COD",1999,155.21
"COD",2003,4971.63
"COD",2004,1697.16
"COD",2002,572.79
"COD",2017,2302.42
"COD",2014,2469.33
"COD",1998,138.68
"COD",2006,2085.73
"COD",2018,2357.9
"COD",1996,182.06
"COD",2005,1299.73
"COD",2011,7208.59
"COD",2007,1326.57
"COD",2015,2696.97
"COD",2013,2544.61
"COD",1997,162.18
"COD",2010,4136.99
"COD",1995,215.32
"COD",2012,2706.05
"COD",2016,2154.75
"COD",2008,1803.05
"DJI",1998,76.72
"DJI",1996,83.59
"DJI",1997,69.67
"DJI",2007,102.87
"DJI",2008,106.33
"DJI",1995,94.98
"DJI",2016,127.7
"DJI",2006,107.4
"DJI",2005,73.18
"DJI",1999,71.86
"DJI",2009,118.4
"DJI",2000,52.37
"DJI",2019,201.02
"DJI",2014,146.45
"DJI",2010,122.04
"DJI",2002,48.83
"DJI",2018,135.46
"DJI",2004,59.99
"DJI",2013,132.5
"DJI",2017,113.94
"DJI",2003,54.11
"DJI",2001,46.93
"DJI",2011,122.85
"DJI",2015,122.65
"DJI",2012,132.78
"DMA",2010,28.85
"DMA",2012,12.17
"DMA",2001,11.38
"DMA",2011,24.24
"DMA",2005,8.92
"DMA",2003,5.19
"DMA",2013,14.44
"DMA",2000,8.33
"DMA",2014,10.57
"DMA",2015,6.66
"DMA",2007,21.87
"DMA",1999,8.67
"DMA",2016,15.08
"DMA",1998,29.12
"DMA",2002,23.85
"DMA",1996,28.15
"DMA",2009,29.85
"DMA",2004,20.08
"DMA",2006,18.07
"DMA",2008,23.91
"DMA",2019,40.08
"DMA",1997,11.48
"DMA",2018,30.12
"DMA",1995,28.09
"DMA",2017,19.64
"DOM",2000,100.44
"DOM",2015,112.54
"DOM",2018,132.38
"DOM",2014,157.59
"DOM",2019,139.48
"DOM",2016,133.12
"DOM",2004,120.6
"DOM",1999,124.79
"DOM",2013,166.44
"DOM",2012,200.02
"DOM",1996,102.75
"DOM",2017,138.92
"DOM",1998,101.63
"DOM",1995,92.67
"DOM",2003,108.26
"DOM",2001,116.85
"DOM",2005,133.41
"DOM",2002,123.03
"DOM",2007,228.1
"DOM",1997,97.21
"DOM",2011,172.31
"DOM",2008,215.4
"DOM",2006,151.5
"DOM",2010,233.02
"DOM",2009,197.83
"ECU",2002,225.54
"ECU",2016,184.45
"ECU",2001,168.86
"ECU",2000,151.58
"ECU",2003,230.35
"ECU",2014,190.18
"ECU",2018,185.54
"ECU",2015,152.37
"ECU",2019,254.16
"ECU",1995,178.34
"ECU",2009,290.76
"ECU",1998,148.99
"ECU",2004,257.11
"ECU",2017,171.68
"ECU",2005,339.53
"ECU",1996,151.05
"ECU",1999,125.72
"ECU",1997,135.76
"ECU",2013,186.01
"ECU",2011,233.94
"ECU",2006,258.62
"ECU",2012,210.93
"ECU",2008,300.74
"ECU",2010,232.25
"ECU",2007,263.19
"EGY",2003,1143.84
"EGY",2004,1634.57
"EGY",1998,1867.75
"EGY",2005,1263.78
"EGY",1996,1852.77
"EGY",2006,1097.02
"EGY",2002,1511.01
"EGY",1997,1625.39
"EGY",1999,1572.24
"EGY",2014,3733.76
"EGY",2013,3354.17
"EGY",2015,913.17
"EGY",2011,603.1
"EGY",2012,758.32
"EGY",1995,1763.9
"EGY",2001,1430.6
"EGY",2017,488.72
"EGY",2000,1479.1
"EGY",2010,828.77
"EGY",2009,1105.73
"EGY",2007,1397.78
"EGY",2016,925.37
"EGY",2019,715.22
"EGY",2008,1769.6
"EGY",2018,587.01
"SLV",1997,208.44
"SLV",2005,217.91
"SLV",2003,222.09
"SLV",1995,230.99
"SLV",1999,163.24
"SLV",2013,217.98
"SLV",2010,383.41
"SLV",2009,327.08
"SLV",2011,340.75
"SLV",2014,155.56
"SLV",1998,182.62
"SLV",2004,252.03
"SLV",2001,236.24
"SLV",2012,283.58
"SLV",1996,206.64
"SLV",2002,210.54
"SLV",2008,240
"SLV",2015,144.34
"SLV",2018,297.48
"SLV",2000,155.57
"SLV",2007,211.92
"SLV",2019,328.68
"SLV",2016,176.98
"SLV",2006,181.13
"SLV",2017,199.11
"GNQ",2004,49.59
"GNQ",2018,10.54
"GNQ",2013,10.32
"GNQ",2006,33.28
"GNQ",2007,35.83
"GNQ",2005,41.67
"GNQ",2003,23.89
"GNQ",2017,11.75
"GNQ",2012,19.38
"GNQ",2014,9.61
"GNQ",1995,32.06
"GNQ",2009,35.82
"GNQ",2008,35.69
"GNQ",2002,22.23
"GNQ",1997,25.54
"GNQ",2001,20.27
"GNQ",2019,14.08
"GNQ",1998,26.27
"GNQ",1996,29.37
"GNQ",2000,25.77
"GNQ",2015,10.95
"GNQ",2016,11.62
"GNQ",2010,89.6
"GNQ",1999,21.47
"GNQ",2011,29.47
"ERI",2019,358.69
"ERI",2018,87.6
"ERI",1999,86.59
"ERI",2017,81.1
"ERI",2016,68.23
"ERI",2015,97.46
"ERI",2013,90.03
"ERI",1997,97.07
"ERI",1998,106.31
"ERI",2003,247.04
"ERI",2001,182.97
"ERI",2014,88.3
"ERI",2000,128.63
"ERI",1996,152.8
"ERI",2009,135.36
"ERI",2012,80.15
"ERI",2011,115
"ERI",2010,154.54
"ERI",2004,222.52
"ERI",2008,120.1
"ERI",2002,152.79
"ERI",2006,105.09
"ERI",2005,262.84
"ERI",1995,145.19
"ERI",2007,128.19
"SWZ",2002,16.92
"SWZ",2001,19.93
"SWZ",2003,26.05
"SWZ",2019,89.63
"SWZ",2018,111.04
"SWZ",2012,85.65
"SWZ",2010,97.11
"SWZ",2000,19.32
"SWZ",2017,153.35
"SWZ",2014,90.38
"SWZ",1999,23.39
"SWZ",1995,46.58
"SWZ",2004,27.81
"SWZ",2015,97.66
"SWZ",2011,125.9
"SWZ",2009,63.47
"SWZ",1997,32.2
"SWZ",1998,38.74
"SWZ",2005,44.56
"SWZ",2013,119.58
"SWZ",2006,30.36
"SWZ",2007,51.22
"SWZ",2016,133.24
"SWZ",1996,44.68
"SWZ",2008,71.62
"ETH",2000,546.96
"ETH",2001,578.7
"ETH",1998,548.84
"ETH",1997,509.16
"ETH",2007,2203.78
"ETH",1999,465.26
"ETH",2006,5870.77
"ETH",1996,591.88
"ETH",2013,2709.98
"ETH",1995,633.53
"ETH",2002,732.41
"ETH",2011,2878.6
"ETH",2008,3026.22
"ETH",2014,2523.73
"ETH",2012,2615.82
"ETH",2016,2663.19
"ETH",2004,1664.02
"ETH",2015,2384.38
"ETH",2003,1460.55
"ETH",2019,3012.38
"ETH",2010,2819.64
"ETH",2005,1690.46
"ETH",2009,2899.35
"ETH",2018,2582.83
"ETH",2017,2775.24
"FJI",2001,27.63
"FJI",2008,46.49
"FJI",2006,57.09
"FJI",1995,50.3
"FJI",2000,31.5
"FJI",2019,141.12
"FJI",2009,69.77
"FJI",2007,52.12
"FJI",2010,77.33
"FJI",2002,28.84
"FJI",1998,39.55
"FJI",2005,67.38
"FJI",1999,43
"FJI",2017,147
"FJI",2018,122.16
"FJI",1996,52.72
"FJI",2016,118.56
"FJI",1997,47.56
"FJI",2015,103.48
"FJI",2014,95.4
"FJI",2012,106.91
"FJI",2003,44.38
"FJI",2011,77.04
"FJI",2004,57.18
"FJI",2013,92.47
"PYF",1995,453.05
"PYF",1996,436.76
"PYF",1998,393.47
"PYF",1997,381.67
"PYF",1999,359.43
"GAB",2013,61.81
"GAB",2008,69.76
"GAB",2009,99.29
"GAB",2004,77.69
"GAB",2010,98.6
"GAB",2014,59.81
"GAB",2007,91.54
"GAB",2015,52.48
"GAB",2003,126.82
"GAB",2002,84.46
"GAB",2012,62.02
"GAB",2006,78.36
"GAB",2018,48.02
"GAB",2016,50.17
"GAB",2019,41.13
"GAB",1998,87.02
"GAB",2005,92.57
"GAB",1997,94.18
"GAB",1996,120.1
"GAB",2001,62.91
"GAB",2011,80.86
"GAB",2000,64.97
"GAB",1995,132.91
"GAB",1999,73.51
"GAB",2017,53.29
"GMB",1998,35.65
"GMB",2013,102.46
"GMB",1999,26.23
"GMB",2009,90.44
"GMB",2011,117.39
"GMB",2003,37.1
"GMB",1997,31.82
"GMB",1995,39.22
"GMB",2005,35.53
"GMB",1996,29.96
"GMB",2001,30.29
"GMB",2014,97.73
"GMB",2012,116.9
"GMB",2002,37.94
"GMB",2010,103.24
"GMB",2004,44.53
"GMB",2006,44.84
"GMB",2015,82.86
"GMB",2000,31.35
"GMB",2008,66.31
"GMB",2019,172.54
"GMB",2018,161.33
"GMB",2017,165.53
"GMB",2007,277.58
"GMB",2016,86.84
"GEO",2004,238.7
"GEO",2006,271.09
"GEO",2005,239.31
"GEO",2008,715.18
"GEO",2001,183.08
"GEO",2007,301.4
"GEO",2013,421.69
"GEO",2009,630.05
"GEO",2002,224.98
"GEO",2011,462.44
"GEO",2012,395.6
"GEO",2017,380.51
"GEO",2000,142.57
"GEO",2010,500.45
"GEO",1997,72.04
"GEO",1998,88.58
"GEO",2018,383.35
"GEO",1999,109.18
"GEO",2019,332.56
"GEO",2015,333.22
"GEO",2003,192.77
"GEO",2016,320.01
"GEO",1996,127.64
"GEO",1995,121.12
"GEO",2014,363.45
"GHA",2008,882.44
"GHA",2004,2069.38
"GHA",2003,681.28
"GHA",2007,843.52
"GHA",2013,932.63
"GHA",2006,5482.56
"GHA",2002,550.07
"GHA",2012,1217.22
"GHA",2011,1018.8
"GHA",2005,1152.6
"GHA",2019,784.6
"GHA",2009,1092.32
"GHA",2010,1047.99
"GHA",2000,352.93
"GHA",1999,369.62
"GHA",2001,424.24
"GHA",2016,776.37
"GHA",1997,272.07
"GHA",1995,345.33
"GHA",2018,845.52
"GHA",2015,910.06
"GHA",1996,312.85
"GHA",1998,346.54
"GHA",2014,738.62
"GHA",2017,763.43
"GIB",1996,0.3
"GIB",1997,0.37
"GIB",1998,0.22
"GIB",1999,0.03
"GIB",1995,0.33
"GRD",2017,5.29
"GRD",2009,18.39
"GRD",2008,13.38
"GRD",1999,3.6
"GRD",2006,5.64
"GRD",2005,39.13
"GRD",2007,7.86
"GRD",2001,5.13
"GRD",2010,20.05
"GRD",2013,6.8
"GRD",2014,16.58
"GRD",1995,11.91
"GRD",2000,12.09
"GRD",1998,7.54
"GRD",2003,10.01
"GRD",2004,13.71
"GRD",2019,11.03
"GRD",2012,3.63
"GRD",2018,3.43
"GRD",2002,4.48
"GRD",2016,7.29
"GRD",1996,7.74
"GRD",2015,5.62
"GRD",1997,7.4
"GRD",2011,14.81
"GTM",2009,382.42
"GTM",2000,232.56
"GTM",2008,566.3
"GTM",2001,253.2
"GTM",1998,241.85
"GTM",1999,269.79
"GTM",2012,316.71
"GTM",2019,386.61
"GTM",2015,288.81
"GTM",2004,253.11
"GTM",1997,256.52
"GTM",2005,289.24
"GTM",2007,542.25
"GTM",1996,194.39
"GTM",2016,301.89
"GTM",1995,196.1
"GTM",2010,401.64
"GTM",2018,406.22
"GTM",2011,366.59
"GTM",2013,289.09
"GTM",2006,525.25
"GTM",2002,275.78
"GTM",2003,274.34
"GTM",2017,403.05
"GTM",2014,316.31
"GIN",2019,404.07
"GIN",2001,230.62
"GIN",1998,221.81
"GIN",2000,163.09
"GIN",2016,472.54
"GIN",2002,250.62
"GIN",2010,236.13
"GIN",2011,340.37
"GIN",2009,259.08
"GIN",1995,305.99
"GIN",2005,198.72
"GIN",1997,174.43
"GIN",2018,429.07
"GIN",2007,232.11
"GIN",2015,456.15
"GIN",2003,262.18
"GIN",2008,344.89
"GIN",2017,408.54
"GIN",2014,438.19
"GIN",1999,212.19
"GIN",2004,281.75
"GIN",1996,216.63
"GIN",2012,649.19
"GIN",2006,210.55
"GIN",2013,597.83
"GNB",1998,80.09
"GNB",2001,62.49
"GNB",2004,66.67
"GNB",2003,136.59
"GNB",1999,53.94
"GNB",1996,94.59
"GNB",2002,64.74
"GNB",1997,92.69
"GNB",2007,116.66
"GNB",2000,64
"GNB",2017,92.19
"GNB",2012,80.15
"GNB",2018,97.08
"GNB",2005,67.47
"GNB",1995,99.69
"GNB",2014,108.33
"GNB",2006,96.95
"GNB",2009,156.46
"GNB",2008,135.95
"GNB",2016,188.38
"GNB",2010,267.63
"GNB",2013,108.57
"GNB",2019,101.87
"GNB",2015,85.68
"GNB",2011,113.36
"GUY",1995,37.29
"GUY",1999,102.92
"GUY",2004,110.8
"GUY",2005,118.66
"GUY",1996,52.99
"GUY",2000,63.57
"GUY",1998,111.19
"GUY",2002,45.18
"GUY",2017,37.22
"GUY",2019,86.34
"GUY",1997,209.52
"GUY",2018,53.23
"GUY",2013,58.43
"GUY",2009,112.4
"GUY",2010,109.13
"GUY",2006,372.17
"GUY",2016,68.45
"GUY",2011,112.05
"GUY",2003,48.14
"GUY",2001,67.84
"GUY",2012,73.46
"GUY",2007,71.48
"GUY",2008,118.66
"GUY",2014,148.9
"GUY",2015,29.28
"HTI",2004,288.54
"HTI",1999,209.95
"HTI",1997,239.55
"HTI",2003,192.96
"HTI",2002,156.78
"HTI",2013,1152.16
"HTI",2000,181.3
"HTI",2001,167.16
"HTI",1998,228.54
"HTI",1996,244.43
"HTI",2006,495.24
"HTI",1995,620.54
"HTI",2011,1435.19
"HTI",2008,766.77
"HTI",2012,1259.8
"HTI",2016,1022.41
"HTI",2017,994.64
"HTI",2014,1070.29
"HTI",2005,394.07
"HTI",2010,3100.81
"HTI",2015,1033.76
"HTI",2009,921.25
"HTI",2007,605.38
"HTI",2019,615.68
"HTI",2018,866.43
"HND",2017,276.59
"HND",2010,332.32
"HND",2018,357.49
"HND",2014,257.53
"HND",2006,1675.22
"HND",2019,328.16
"HND",2016,279.72
"HND",2004,357.88
"HND",2015,279.23
"HND",2007,364.09
"HND",2009,337
"HND",2008,494.63
"HND",2000,345.35
"HND",1996,171
"HND",2001,423.36
"HND",2013,242.77
"HND",1995,205.02
"HND",2002,289.98
"HND",2005,1072.36
"HND",1997,152.53
"HND",1998,231.85
"HND",1999,370.01
"HND",2003,221.97
"HND",2012,270
"HND",2011,244.43
"HKG",1996,13.52
"HKG",1995,18.07
"IND",2011,1385
"IND",2018,1107.05
"IND",2013,1395.7
"IND",2002,1006.26
"IND",1999,771.68
"IND",2012,1181.8
"IND",2009,1441.25
"IND",2014,1235.78
"IND",2017,1088.86
"IND",2019,1225.35
"IND",1996,1004.19
"IND",2008,1457.2
"IND",1998,801.89
"IND",2001,868.62
"IND",1995,995.06
"IND",1997,880.97
"IND",2007,1366.94
"IND",2015,1301.45
"IND",2016,1044.72
"IND",2003,1030.39
"IND",2000,758.03
"IND",2010,1308.79
"IND",2005,1444.4
"IND",2006,1250.13
"IND",2004,1284.79
"IDN",2006,1552.87
"IDN",2013,1404.84
"IDN",2019,946.69
"IDN",2007,1495.73
"IDN",2012,1435.87
"IDN",1998,602.25
"IDN",2017,1360.28
"IDN",2018,1072.57
"IDN",2005,1505.55
"IDN",1999,774.18
"IDN",2001,669.07
"IDN",2004,773.09
"IDN",2003,800.58
"IDN",2011,1434.99
"IDN",2010,1369.75
"IDN",2016,1082.32
"IDN",2014,1217.36
"IDN",2000,797.98
"IDN",1997,587.07
"IDN",1995,742.9
"IDN",2015,1080.25
"IDN",2002,765.2
"IDN",2008,1349.65
"IDN",1996,622.79
"IDN",2009,1389.47
"IRN",2013,143.39
"IRN",2014,140.46
"IRN",1995,142.36
"IRN",2000,100.19
"IRN",2010,141.4
"IRN",2009,119.18
"IRN",1998,123.9
"IRN",2012,154.71
"IRN",1999,122.03
"IRN",1996,139.89
"IRN",2011,137.51
"IRN",2003,137.61
"IRN",2008,124.28
"IRN",2005,115.45
"IRN",1997,140.09
"IRN",2006,128.97
"IRN",2016,152.2
"IRN",2007,122.45
"IRN",2019,215.78
"IRN",2015,121.61
"IRN",2001,93.05
"IRN",2004,200.49
"IRN",2002,111.24
"IRN",2018,178.82
"IRN",2017,163.81
"IRQ",2005,22082.02
"IRQ",2018,1903.19
"IRQ",2006,8914.79
"IRQ",2007,9251.03
"IRQ",2003,2287.93
"IRQ",2019,1976.2
"IRQ",2017,2091.62
"IRQ",2002,113.38
"IRQ",2014,984.37
"IRQ",2004,4650.65
"IRQ",2000,101.76
"IRQ",2015,1176.4
"IRQ",1997,221.93
"IRQ",2008,10036.97
"IRQ",2001,122.7
"IRQ",1996,352.36
"IRQ",2016,1731.88
"IRQ",1999,76.79
"IRQ",2012,904.89
"IRQ",1998,117.76
"IRQ",2013,807.9
"IRQ",2009,2734.04
"IRQ",2010,2001.66
"IRQ",1995,332.77
"IRQ",2011,1521.12
"ISR",1996,2366.02
"ISR",1995,448.33
"JAM",2003,68.03
"JAM",2000,75.22
"JAM",2004,146.47
"JAM",2015,92.29
"JAM",2011,88.19
"JAM",1999,57.76
"JAM",2016,78.52
"JAM",2010,162.98
"JAM",2009,171.76
"JAM",2001,106.32
"JAM",1995,114.79
"JAM",2017,89.22
"JAM",2018,114.34
"JAM",2019,90.24
"JAM",2014,130.54
"JAM",2012,87.44
"JAM",2013,133.04
"JAM",1998,123.11
"JAM",2002,83.12
"JAM",2006,117.42
"JAM",1996,76.01
"JAM",2008,141.53
"JAM",2007,93.78
"JAM",2005,137.03
"JAM",1997,76.46
"JOR",1996,313.85
"JOR",2018,2553.85
"JOR",2019,2532.8
"JOR",2015,1940.5
"JOR",2003,1352.47
"JOR",1995,379.48
"JOR",2017,2663.82
"JOR",2002,584.32
"JOR",2000,507.8
"JOR",2016,2473.07
"JOR",2004,627.42
"JOR",2014,2631.23
"JOR",1999,396.67
"JOR",2011,1048.34
"JOR",2001,476.77
"JOR",2008,792.68
"JOR",2005,712.28
"JOR",2013,1362.77
"JOR",2012,1070.08
"JOR",2009,800.49
"JOR",1998,340.08
"JOR",1997,378.04
"JOR",2006,613.96
"JOR",2010,835.6
"JOR",2007,784.02
"KAZ",2008,308.71
"KAZ",2010,226.15
"KAZ",2007,187.65
"KAZ",2002,126.13
"KAZ",2003,128.12
"KAZ",2009,265.88
"KAZ",2006,159.35
"KAZ",2016,129.57
"KAZ",2001,113.48
"KAZ",1997,96.04
"KAZ",2012,155.53
"KAZ",2005,160.95
"KAZ",2004,152.81
"KAZ",2000,117.29
"KAZ",1996,110.75
"KAZ",2017,111.67
"KAZ",2013,145.65
"KAZ",2011,244.27
"KAZ",1998,123.44
"KAZ",1995,58.86
"KAZ",2019,108.49
"KAZ",1999,114.25
"KAZ",2018,130.36
"KAZ",2015,131.01
"KAZ",2014,139.07
"KEN",2011,1799.33
"KEN",2012,2098.57
"KEN",2013,2134.04
"KEN",2006,934.16
"KEN",2003,503.78
"KEN",2007,1070.76
"KEN",2010,1382.24
"KEN",2009,1396.88
"KEN",1999,337.04
"KEN",1996,387.64
"KEN",2008,1225.69
"KEN",2004,615.12
"KEN",2002,400.82
"KEN",1995,461.93
"KEN",2014,1864.41
"KEN",2005,700.23
"KEN",2001,409.2
"KEN",2017,1876.24
"KEN",1997,383.31
"KEN",2019,1628.34
"KEN",2015,1745.04
"KEN",2000,341.91
"KEN",2018,1651.02
"KEN",1998,350.88
"KEN",2016,1692.44
"KIR",1995,14.56
"KIR",1998,17.44
"KIR",1997,15.75
"KIR",2000,16.77
"KIR",2002,19.85
"KIR",2012,66.2
"KIR",1996,12.92
"KIR",2013,62.97
"KIR",2005,26.33
"KIR",2011,64.9
"KIR",2009,25.15
"KIR",1999,21
"KIR",2003,16.01
"KIR",2001,11
"KIR",2015,57.14
"KIR",2016,46.84
"KIR",2014,76.9
"KIR",2004,14.19
"KIR",2010,23.77
"KIR",2008,26.98
"KIR",2019,50.68
"KIR",2018,72.86
"KIR",2017,67.68
"KIR",2007,27.71
"KIR",2006,25.08
"KOR",1997,106.69
"KOR",1998,150.97
"KOR",1999,158.76
"KOR",1995,148.56
"KOR",1996,146.59
"KWT",1995,4.23
"KGZ",2000,81
"KGZ",2018,438.68
"KGZ",2019,436.1
"KGZ",1997,71.31
"KGZ",2017,448.79
"KGZ",2002,112.42
"KGZ",1999,91.92
"KGZ",2014,557.62
"KGZ",2015,699.88
"KGZ",2016,508.1
"KGZ",2001,76.09
"KGZ",2013,427.67
"KGZ",1998,90.64
"KGZ",1996,87.44
"KGZ",1995,76.39
"KGZ",2003,114.02
"KGZ",2012,436.47
"KGZ",2010,344.52
"KGZ",2008,283.93
"KGZ",2011,397.22
"KGZ",2009,277.64
"KGZ",2007,248.67
"KGZ",2006,205.5
"KGZ",2005,212.1
"KGZ",2004,164.39
"LAO",2006,235.75
"LAO",2005,209.84
"LAO",2002,197.53
"LAO",2001,170.01
"LAO",1998,186.69
"LAO",2015,383.94
"LAO",2018,455.26
"LAO",2019,440.65
"LAO",2017,358.42
"LAO",1995,198.83
"LAO",2003,205.95
"LAO",2016,374.06
"LAO",1997,195.41
"LAO",1999,218.03
"LAO",2004,191.3
"LAO",2009,331.86
"LAO",2000,208.26
"LAO",2012,460.22
"LAO",2013,434.35
"LAO",2010,353.36
"LAO",2014,462.2
"LAO",2007,278.4
"LAO",1996,213.25
"LAO",2008,318.29
"LAO",2011,354.61
"LBN",2003,216.8
"LBN",2010,428.73
"LBN",2007,631.24
"LBN",2015,1082.98
"LBN",2009,513.44
"LBN",2004,253.06
"LBN",2000,189.67
"LBN",2002,202.02
"LBN",2001,187.29
"LBN",2008,821.48
"LBN",1996,149.5
"LBN",1998,153.68
"LBN",2005,225.6
"LBN",2018,1305.91
"LBN",2017,1212.19
"LBN",2011,405.14
"LBN",2016,1205.3
"LBN",2019,1577.55
"LBN",1997,172.01
"LBN",1995,142.65
"LBN",2013,677.93
"LBN",2006,736.7
"LBN",2014,863.59
"LBN",2012,670.64
"LBN",1999,141.17
"LSO",2010,229.34
"LSO",2013,316.61
"LSO",2006,59.9
"LSO",2012,242.09
"LSO",2014,96.37
"LSO",2009,121.72
"LSO",2011,260.12
"LSO",2004,79.17
"LSO",2007,111.51
"LSO",2002,55.32
"LSO",2019,127.69
"LSO",2008,132.64
"LSO",2016,111.91
"LSO",2005,64.41
"LSO",1998,51.58
"LSO",1999,35.53
"LSO",2003,66.95
"LSO",1996,75.13
"LSO",2018,143.85
"LSO",2001,44.58
"LSO",2015,77.61
"LSO",1995,94.46
"LSO",1997,67.8
"LSO",2017,133.37
"LSO",2000,39.33
"LBR",2003,113.83
"LBR",2019,469.98
"LBR",1996,104.3
"LBR",1997,83.42
"LBR",2001,46.36
"LBR",1998,77.78
"LBR",2010,1657.42
"LBR",1999,102.09
"LBR",2002,67.3
"LBR",2009,514.81
"LBR",2000,70.4
"LBR",2006,261.01
"LBR",2007,1164.41
"LBR",2005,225.65
"LBR",1995,123.65
"LBR",2018,471.95
"LBR",2015,829.09
"LBR",2017,533.62
"LBR",2014,622.41
"LBR",2013,487.07
"LBR",2004,223.97
"LBR",2012,527.54
"LBR",2008,1273.66
"LBR",2016,641.63
"LBR",2011,970.63
"LBY",2006,37.51
"LBY",2012,146.89
"LBY",1999,4.93
"LBY",2008,60.16
"LBY",2011,640.47
"LBY",2007,19.41
"LBY",2013,144.27
"LBY",2015,157.52
"LBY",2005,24.06
"LBY",2009,37.92
"LBY",2014,211.12
"LBY",1995,5.84
"LBY",1998,5.55
"LBY",1997,3.98
"LBY",2018,303.75
"LBY",2017,432.22
"LBY",2010,20.85
"LBY",1996,3.77
"LBY",2016,181.7
"LBY",2019,317
"MAC",1995,0.21
"MAC",1999,0.32
"MAC",1996,0.32
"MAC",1997,0.36
"MAC",1998,0.5
"MDG",1999,276.98
"MDG",1998,453.4
"MDG",2011,337.64
"MDG",2009,367.68
"MDG",1997,680.48
"MDG",1996,317.18
"MDG",2007,645.04
"MDG",2008,503.82
"MDG",2010,378.56
"MDG",2012,308.07
"MDG",2006,3051.16
"MDG",2005,905.41
"MDG",2014,413.09
"MDG",2003,415.65
"MDG",1995,286.45
"MDG",2019,563.18
"MDG",2017,408.57
"MDG",2018,479.01
"MDG",2004,990.77
"MDG",2016,426.88
"MDG",2013,544.26
"MDG",2015,447.89
"MDG",2002,228.94
"MDG",2001,259.92
"MDG",2000,202.74
"MWI",1998,293.43
"MWI",2000,340.04
"MWI",2014,825.99
"MWI",2015,923.22
"MWI",1999,335.56
"MWI",1995,349.94
"MWI",1996,287.55
"MWI",2016,1036.91
"MWI",2017,1181.02
"MWI",2013,1018
"MWI",2012,1064.77
"MWI",1997,210.83
"MWI",2009,725.76
"MWI",2003,474.22
"MWI",2018,1072.24
"MWI",2010,954.11
"MWI",2011,759.14
"MWI",2008,779.29
"MWI",2001,326.64
"MWI",2002,337.68
"MWI",2004,518.68
"MWI",2006,3021.13
"MWI",2019,1064.41
"MWI",2005,557.9
"MWI",2007,908.28
"MYS",2011,91.89
"MYS",2012,67.46
"MYS",2000,93.97
"MYS",2014,79.35
"MYS",1998,100.94
"MYS",2010,90.22
"MYS",2015,59.13
"MYS",2013,65.73
"MYS",2008,59.57
"MYS",1995,129.2
"MYS",1999,103.21
"MYS",2007,62.73
"MYS",2002,81.77
"MYS",2009,82.15
"MYS",2005,73
"MYS",2001,78.34
"MYS",2006,65.26
"MYS",1996,107.23
"MYS",1997,98.96
"MYS",2003,79.63
"MYS",2016,54.7
"MYS",2017,80.68
"MYS",2019,88.83
"MYS",2004,80.93
"MYS",2018,70.64
"MDV",2004,14.15
"MDV",2019,61.42
"MDV",2009,30.53
"MDV",2006,28.73
"MDV",2010,48.25
"MDV",2005,60.24
"MDV",2002,16.54
"MDV",2018,90.55
"MDV",2007,29.69
"MDV",2015,26.18
"MDV",2016,33.73
"MDV",2003,12.94
"MDV",2008,22.66
"MDV",2011,36.95
"MDV",2012,31.11
"MDV",1997,21.32
"MDV",2001,19.83
"MDV",1998,20.22
"MDV",2014,26.05
"MDV",2017,42.35
"MDV",1996,18.76
"MDV",1995,32.88
"MDV",1999,25.81
"MDV",2000,17.54
"MDV",2013,22.09
"MLI",2015,991.54
"MLI",2000,348.25
"MLI",2001,313.63
"MLI",1999,298
"MLI",2004,640.93
"MLI",2017,1085.44
"MLI",2002,374.94
"MLI",2005,619.93
"MLI",2003,470.7
"MLI",2009,766.3
"MLI",2006,2658.16
"MLI",2016,1029.7
"MLI",2011,998.88
"MLI",2013,1152.12
"MLI",2014,1094.09
"MLI",1996,328.51
"MLI",2012,914.69
"MLI",2010,868.03
"MLI",2008,792.11
"MLI",2018,1203.34
"MLI",1995,339.53
"MLI",1997,335.96
"MLI",1998,308.98
"MLI",2019,1251.87
"MLI",2007,832.05
"MLT",2000,24.05
"MLT",2001,5
"MLT",1997,27.78
"MLT",1996,71.41
"MLT",1999,28.52
"MLT",1998,28.17
"MLT",1995,14.26
"MLT",2002,13.25
"MHL",2003,52.13
"MHL",2005,56.29
"MHL",2016,14.57
"MHL",2006,55.33
"MHL",2004,49.92
"MHL",2002,55.73
"MHL",2019,65.25
"MHL",2015,58.48
"MHL",2001,67.71
"MHL",1995,33.39
"MHL",2008,53.21
"MHL",2000,47.46
"MHL",1997,52.93
"MHL",1998,42.48
"MHL",1996,69.94
"MHL",2018,54.59
"MHL",2011,84.52
"MHL",2017,74.01
"MHL",2014,57.75
"MHL",2010,24.94
"MHL",2013,92.15
"MHL",2009,61.17
"MHL",1999,59.08
"MHL",2007,53.32
"MHL",2012,86.09
"MRT",2011,202.04
"MRT",2013,236.53
"MRT",2012,260.36
"MRT",1998,168.51
"MRT",2016,201.31
"MRT",2009,170.43
"MRT",2001,236.23
"MRT",2010,174.13
"MRT",2008,258.13
"MRT",2006,1126.33
"MRT",2007,249.9
"MRT",1997,195.28
"MRT",2002,296.46
"MRT",2015,227.33
"MRT",2014,184.34
"MRT",2019,265.21
"MRT",2005,169.96
"MRT",2018,211.39
"MRT",2003,228.65
"MRT",2000,169.08
"MRT",1996,221.36
"MRT",1995,184.22
"MRT",1999,205.76
"MRT",2004,258.43
"MRT",2017,155.03
"MUS",2017,37.55
"MUS",2010,92.49
"MUS",2011,106.82
"MUS",1999,29.82
"MUS",2018,57.47
"MUS",1997,37.21
"MUS",1996,37.25
"MUS",2001,26.84
"MUS",2000,25
"MUS",2014,34.49
"MUS",2016,51.83
"MUS",2007,59.24
"MUS",1998,30.11
"MUS",2008,121.21
"MUS",2006,42.02
"MUS",2003,33.3
"MUS",2009,119.59
"MUS",2002,36.36
"MUS",2012,103.2
"MUS",2015,53.81
"MUS",2005,39.91
"MUS",2013,67.64
"MUS",2004,43.63
"MUS",2019,61.61
"MUS",1995,48.38
"MYT",2001,117.02
"MYT",2000,103.5
"MYT",2003,168.88
"MYT",2006,335.32
"MYT",2007,404.38
"MYT",2010,562.93
"MYT",2005,206.74
"MYT",2009,535.19
"MYT",1996,127.84
"MYT",1997,103.86
"MYT",1999,109.97
"MYT",1995,107.75
"MYT",2004,209.66
"MYT",2002,127.39
"MYT",1998,104.59
"MYT",2008,477.12
"MEX",1997,132.83
"MEX",2012,400.55
"MEX",2018,446.95
"MEX",2007,230.42
"MEX",2013,417.75
"MEX",2001,160.35
"MEX",2011,546.8
"MEX",1996,163.7
"MEX",2002,223.5
"MEX",2003,197.34
"MEX",1998,145.83
"MEX",2019,349.81
"MEX",2006,289.39
"MEX",2008,268.48
"MEX",2017,372.53
"MEX",1995,159.41
"MEX",2005,263.2
"MEX",2015,427.49
"MEX",2004,194.23
"MEX",2010,379.22
"MEX",2016,302.86
"MEX",2000,138.76
"MEX",2014,419.72
"MEX",2009,280.07
"MEX",1999,133.86
"FSM",2012,143.04
"FSM",2011,130.64
"FSM",2014,117.89
"FSM",2013,124.25
"FSM",2009,120.91
"FSM",2008,91.13
"FSM",1996,112.69
"FSM",2000,97.53
"FSM",2016,44.45
"FSM",1997,84.46
"FSM",2010,63.77
"FSM",2005,104.82
"FSM",2007,111.71
"FSM",2003,112.27
"FSM",1995,73.55
"FSM",1999,102.93
"FSM",2015,81.52
"FSM",2002,110.73
"FSM",2006,106.24
"FSM",2004,85.37
"FSM",2019,82.94
"FSM",2018,78.87
"FSM",2001,135.78
"FSM",1998,73.68
"FSM",2017,95.29
"MDA",2012,296.1
"MDA",1997,27.29
"MDA",2011,302.45
"MDA",2008,236.85
"MDA",2013,305.22
"MDA",2015,259.78
"MDA",2010,299.57
"MDA",1998,37.52
"MDA",2014,442.13
"MDA",2019,293.69
"MDA",1999,68.4
"MDA",2007,198.87
"MDA",2006,136.28
"MDA",2005,143.13
"MDA",2002,109.11
"MDA",2018,222
"MDA",2009,235.4
"MDA",2017,259.52
"MDA",2004,99.11
"MDA",2000,80.81
"MDA",2016,249.44
"MDA",2001,94.82
"MDA",2003,99.18
"MNG",2018,195.33
"MNG",2001,135.17
"MNG",2000,143.91
"MNG",2002,138
"MNG",2017,198.32
"MNG",2019,211.91
"MNG",2003,147
"MNG",2016,162.63
"MNG",2014,215.49
"MNG",2015,185.38
"MNG",1999,115.63
"MNG",2013,317.74
"MNG",2004,147.86
"MNG",1997,113.07
"MNG",1995,123.04
"MNG",2012,369.62
"MNG",1998,112.32
"MNG",2007,175.77
"MNG",1996,110.42
"MNG",2009,217.24
"MNG",2011,292.37
"MNG",2006,162.58
"MNG",2008,215.39
"MNG",2010,268.55
"MNG",2005,150.62
"MNE",2008,72.66
"MNE",2006,78.15
"MNE",2007,83.83
"MNE",2005,0.05
"MNE",2009,68.13
"MNE",2010,69.03
"MNE",2018,69.25
"MNE",2015,49.53
"MNE",2016,51.05
"MNE",2019,74.87
"MNE",2017,66.73
"MNE",2014,82.99
"MNE",2012,81.08
"MNE",2011,71.8
"MNE",2013,75.27
"MSR",2005,27.99
"MSR",2002,45.5
"MSR",2000,31.03
"MSR",2006,32.56
"MSR",2003,37.45
"MSR",2019,36.29
"MSR",2018,41.71
"MSR",2004,44.78
"MSR",1997,42.96
"MSR",1995,9.42
"MSR",1996,14.45
"MSR",2007,36.52
"MSR",2016,38.73
"MSR",2008,34.93
"MSR",2012,40.52
"MSR",2001,33.08
"MSR",1999,40.76
"MSR",2011,46.89
"MSR",2010,29.09
"MSR",2017,36.24
"MSR",2015,51.87
"MSR",2009,44.22
"MSR",1998,65.83
"MSR",2014,40.24
"MSR",2013,55.14
"MAR",1998,582.56
"MAR",2000,411.42
"MAR",2015,649.15
"MAR",1995,371.18
"MAR",1997,503.51
"MAR",2010,708.39
"MAR",2009,782.18
"MAR",2011,803.91
"MAR",2014,1046.39
"MAR",2001,396.42
"MAR",2002,455.19
"MAR",2016,1096.02
"MAR",1999,551.17
"MAR",2004,868.87
"MAR",2018,778.43
"MAR",2019,701.75
"MAR",1996,604.55
"MAR",2007,1039.55
"MAR",2008,1112.74
"MAR",2013,966.63
"MAR",2006,881.06
"MAR",2012,727.67
"MAR",2003,626.46
"MAR",2005,805.87
"MAR",2017,1254.32
"MOZ",1999,1480.96
"MOZ",2012,1675.02
"MOZ",1998,824.18
"MOZ",2014,1610.79
"MOZ",1996,629.3
"MOZ",1995,1002.38
"MOZ",2006,3149.9
"MOZ",2009,1545.02
"MOZ",2008,1650.16
"MOZ",1997,680.2
"MOZ",2000,929.16
"MOZ",2013,1811.06
"MOZ",2003,855.08
"MOZ",2010,1598.32
"MOZ",2016,1365.07
"MOZ",2011,1677.51
"MOZ",2019,1559.9
"MOZ",2018,1495.68
"MOZ",2015,1261.17
"MOZ",2005,1004.56
"MOZ",2007,1416.33
"MOZ",2001,856.65
"MOZ",2002,2042.85
"MOZ",2017,1502.86
"MOZ",2004,1062.21
"MMR",2000,95.4
"MMR",2005,144.11
"MMR",2001,118.64
"MMR",1995,208.37
"MMR",1997,104.36
"MMR",2014,1831.25
"MMR",2007,203.73
"MMR",2004,125.2
"MMR",1998,101.83
"MMR",2006,142.4
"MMR",2009,359.27
"MMR",1999,68.49
"MMR",2019,1307.45
"MMR",2003,122.35
"MMR",2017,1159.32
"MMR",2002,133.6
"MMR",2012,529.06
"MMR",2013,4651.99
"MMR",2011,401.91
"MMR",2016,1222.35
"MMR",1996,143.27
"MMR",2010,392.95
"MMR",2015,1075.3
"MMR",2018,1130.56
"MMR",2008,541.65
"NAM",1997,146.25
"NAM",1998,133.03
"NAM",2007,214.17
"NAM",2008,195.97
"NAM",2004,142.76
"NAM",1999,118.99
"NAM",2019,138.49
"NAM",2005,113.91
"NAM",2006,158.95
"NAM",2014,273.16
"NAM",2016,171.51
"NAM",2015,152.67
"NAM",2012,286.5
"NAM",2017,191.88
"NAM",1996,162.4
"NAM",1995,168.01
"NAM",2000,114.12
"NAM",2002,112.8
"NAM",2013,296.84
"NAM",2001,100.4
"NAM",2010,240.62
"NAM",2018,179.57
"NAM",2011,237.43
"NAM",2003,130.98
"NAM",2009,256.81
"NRU",2003,16.14
"NRU",2005,9.24
"NRU",1998,2.12
"NRU",1996,3.25
"NRU",1997,2.62
"NRU",2004,13.75
"NRU",2013,28.75
"NRU",2017,25.76
"NRU",2014,22.52
"NRU",2006,17.52
"NRU",2010,27.78
"NRU",2009,23.43
"NRU",1995,2.53
"NRU",2008,31.24
"NRU",2000,4
"NRU",2012,35.62
"NRU",2002,11.72
"NRU",2011,37.53
"NRU",2015,31.24
"NRU",1999,6.55
"NRU",2007,25.61
"NRU",2001,7.26
"NRU",2018,37.52
"NRU",2019,54.32
"NRU",2016,22.68
"NPL",2011,756.19
"NPL",1997,272.2
"NPL",2001,302.83
"NPL",2002,333.04
"NPL",2007,549.8
"NPL",2012,793.62
"NPL",2010,771.94
"NPL",2008,743.72
"NPL",2006,439.22
"NPL",2015,931.96
"NPL",2000,249.58
"NPL",2009,750.35
"NPL",2003,366.42
"NPL",2004,380.26
"NPL",2005,438.99
"NPL",2014,844.49
"NPL",1996,281.28
"NPL",2019,711.53
"NPL",1999,252.39
"NPL",2017,857.03
"NPL",1995,307.2
"NPL",2016,851.37
"NPL",1998,254.28
"NPL",2013,823.66
"NPL",2018,732.19
"NCL",1998,363.42
"NCL",1995,428.7
"NCL",1999,313.58
"NCL",1997,376.48
"NCL",1996,419.08
"NIC",2013,345.23
"NIC",2012,342.72
"NIC",2014,263.46
"NIC",1995,538.22
"NIC",2016,273.07
"NIC",1997,326.05
"NIC",2019,167.35
"NIC",2009,515.03
"NIC",2017,221.05
"NIC",2015,247.51
"NIC",2003,607.23
"NIC",1998,454.64
"NIC",2011,479.22
"NIC",2006,1654.16
"NIC",2018,199.3
"NIC",2004,1251.06
"NIC",2008,616.7
"NIC",2010,404.46
"NIC",2002,342.72
"NIC",2007,616.94
"NIC",2000,370.02
"NIC",1999,418.03
"NIC",1996,729.72
"NIC",2001,784.01
"NIC",2005,615.21
"NER",2016,720.55
"NER",2012,729.79
"NER",2013,634.56
"NER",2018,962.01
"NER",2015,698.65
"NER",2014,798.88
"NER",2004,516.99
"NER",2017,841.84
"NER",1997,262.82
"NER",2009,422.89
"NER",2010,686.1
"NER",2007,486.85
"NER",2002,200.07
"NER",2008,572.19
"NER",2019,1133.62
"NER",1998,230.85
"NER",2011,551.74
"NER",1996,240.52
"NER",2005,460.88
"NER",2006,1798.33
"NER",2001,205.73
"NER",2000,158.43
"NER",1995,276.58
"NER",2003,375.71
"NER",1999,177.64
"NGA",2002,244.42
"NGA",2019,2230.4
"NGA",2008,1047.46
"NGA",1995,110.39
"NGA",1996,106.6
"NGA",2000,118.52
"NGA",2011,1126.63
"NGA",1999,90.88
"NGA",2007,1485.23
"NGA",2001,177.87
"NGA",2006,11705.03
"NGA",2018,2200.8
"NGA",2004,409.35
"NGA",2017,2383.43
"NGA",2003,281.18
"NGA",2010,1008.56
"NGA",2015,1527.26
"NGA",2005,6044.2
"NGA",1998,84.03
"NGA",2014,1540.67
"NGA",2013,1710.43
"NGA",2009,1153.05
"NGA",2016,1744.66
"NGA",1997,109.61
"NGA",2012,1408.01
"NIU",2003,9.11
"NIU",2015,19.57
"NIU",2002,4.54
"NIU",2014,13.63
"NIU",2012,20.12
"NIU",2000,3.34
"NIU",1999,4.27
"NIU",2001,3.36
"NIU",2013,18.28
"NIU",2011,20.85
"NIU",2016,13.69
"NIU",2005,21.24
"NIU",2019,18.85
"NIU",2006,9.03
"NIU",2007,14.77
"NIU",1998,4.22
"NIU",2010,15.21
"NIU",1996,6.72
"NIU",1997,5.32
"NIU",2008,18.04
"NIU",2009,7.31
"NIU",2004,14.31
"NIU",2018,18.91
"NIU",1995,8.24
"NIU",2017,14.76
"MKD",2006,194.5
"MKD",2005,210.32
"MKD",2007,195.77
"MKD",2003,237.28
"MKD",2001,216.92
"MKD",2004,247.84
"MKD",2008,190.43
"MKD",2018,214.19
"MKD",2000,203.6
"MKD",2019,164.62
"MKD",2015,162.56
"MKD",2010,176.26
"MKD",2002,241.69
"MKD",1999,206.65
"MKD",2017,219.09
"MKD",2016,198.88
"MKD",1996,61.26
"MKD",2011,163.78
"MKD",2014,186.05
"MKD",2009,181.85
"MKD",1998,49
"MKD",1997,43.85
"MKD",2013,131.98
"MKD",1995,33.23
"MKD",2012,136.44
"MNP",1995,-0.5
"MNP",1998,0.2
"MNP",1997,0.69
"MNP",1996,0.06
"MNP",1999,0.12
"OMN",2004,95.7
"OMN",2001,28.32
"OMN",2002,79.33
"OMN",2003,70.04
"OMN",2010,21.04
"OMN",1997,88.6
"OMN",1998,49.38
"OMN",2006,49.84
"OMN",1996,58.03
"OMN",2008,78.84
"OMN",1999,40.45
"OMN",1995,48.93
"OMN",2009,131.75
"OMN",2007,281.99
"OMN",2005,58.83
"OMN",2000,83.92
"PAK",2018,1748.79
"PAK",2017,1952.59
"PAK",2019,1685.59
"PAK",2016,2052.31
"PAK",1996,360.39
"PAK",1995,365.11
"PAK",2005,1067.17
"PAK",2014,2104.8
"PAK",2006,1270.46
"PAK",2002,497.98
"PAK",1997,307.97
"PAK",2015,2139.17
"PAK",1999,311.48
"PAK",2007,1172.06
"PAK",2001,964.61
"PAK",2004,427.83
"PAK",2003,1461.6
"PAK",2000,202.34
"PAK",1998,300.61
"PAK",2008,1186.35
"PAK",2009,1706.56
"PAK",2012,1999.28
"PAK",2013,2253.83
"PAK",2011,3120.79
"PAK",2010,2978.62
"PLW",2019,20.25
"PLW",2013,35.41
"PLW",2018,83.99
"PLW",2001,34.28
"PLW",2012,15.46
"PLW",2016,14.52
"PLW",2015,13.48
"PLW",1995,142.32
"PLW",2017,18.81
"PLW",2000,39.13
"PLW",2014,23.29
"PLW",1997,38.38
"PLW",1999,28.84
"PLW",1996,63.02
"PLW",2009,34.92
"PLW",2004,19.78
"PLW",2011,24.52
"PLW",1998,89.12
"PLW",2008,42.29
"PLW",2007,22.41
"PLW",2005,23.67
"PLW",2002,31.46
"PLW",2003,25.83
"PLW",2010,28.76
"PLW",2006,37.39
"PAN",2000,33.87
"PAN",2005,38.6
"PAN",1995,58.09
"PAN",1999,36.26
"PAN",2008,46.32
"PAN",2009,47.99
"PAN",1998,39.14
"PAN",2010,39.54
"PAN",1997,36.23
"PAN",2011,42.26
"PAN",1996,41.03
"PAN",2003,51.04
"PAN",2004,40.18
"PAN",2016,44.01
"PAN",2019,31.61
"PAN",2007,45.15
"PAN",2014,40.42
"PAN",2018,40.43
"PAN",2015,31.61
"PAN",2002,38.21
"PAN",2017,61.87
"PAN",2001,34.29
"PAN",2006,59.64
"PAN",2012,43.34
"PAN",2013,49.66
"PNG",2010,530.39
"PNG",2009,412.94
"PNG",2004,295.06
"PNG",1998,319.62
"PNG",1999,198.99
"PNG",2006,306.39
"PNG",1997,296.88
"PNG",2011,629.98
"PNG",2018,580.61
"PNG",1996,316.86
"PNG",2003,253.83
"PNG",2002,233.42
"PNG",1995,357.59
"PNG",2012,626.64
"PNG",2005,298.14
"PNG",2007,356.62
"PNG",2001,203.28
"PNG",2017,490.47
"PNG",2019,607.89
"PNG",2000,241.37
"PNG",2014,533.2
"PNG",2008,404.49
"PNG",2013,580.7
"PNG",2016,465.87
"PNG",2015,535.3
"PRY",1995,99.35
"PRY",1996,72.34
"PRY",2011,125.61
"PRY",1997,70.41
"PRY",2007,115.93
"PRY",2010,152.71
"PRY",2004,65.01
"PRY",2012,116.74
"PRY",2017,105.06
"PRY",1998,61.91
"PRY",2006,70.19
"PRY",2016,96.05
"PRY",2001,61.8
"PRY",2003,64.84
"PRY",2013,102.26
"PRY",1999,83.64
"PRY",2008,128.61
"PRY",2009,151.88
"PRY",2002,63.71
"PRY",2000,78.21
"PRY",2015,96.12
"PRY",2019,105.33
"PRY",2018,101.45
"PRY",2005,64.48
"PRY",2014,86.96
"PER",2010,445.78
"PER",2013,443.95
"PER",2011,488.2
"PER",2019,381.33
"PER",2016,403.9
"PER",2018,340.49
"PER",2009,518.66
"PER",2004,473.18
"PER",2005,535.78
"PER",2006,515.86
"PER",2007,491.59
"PER",2008,517.9
"PER",2012,435.04
"PER",2001,423.22
"PER",2014,430.59
"PER",1998,415.17
"PER",2015,381.77
"PER",2003,470.96
"PER",2000,313.21
"PER",2017,361.66
"PER",1996,359.8
"PER",1999,354.78
"PER",1995,404.57
"PER",1997,364.86
"PER",2002,393.02
"PHL",1998,436.59
"PHL",2002,374.44
"PHL",1996,529.72
"PHL",2005,398.38
"PHL",2010,647
"PHL",2007,481.77
"PHL",1999,428.03
"PHL",1997,437.97
"PHL",2004,400.35
"PHL",2011,595.98
"PHL",2001,385.58
"PHL",2009,574.16
"PHL",1995,659.54
"PHL",2006,404.81
"PHL",2018,696.8
"PHL",2015,717.14
"PHL",2000,382.48
"PHL",2003,436.27
"PHL",2008,452.68
"PHL",2019,591.04
"PHL",2012,690.63
"PHL",2017,566.57
"PHL",2014,956.89
"PHL",2013,890.17
"PHL",2016,637.28
"QAT",1995,3.74
"RWA",2007,668.07
"RWA",2014,809.22
"RWA",2001,240.88
"RWA",2002,290.26
"RWA",2015,778.61
"RWA",2013,1027.43
"RWA",2011,1077.68
"RWA",2006,1813.77
"RWA",2000,266.93
"RWA",2012,842
"RWA",2005,525.05
"RWA",1996,422.72
"RWA",1997,181.6
"RWA",1999,287.56
"RWA",2009,887.26
"RWA",2016,750
"RWA",2003,319.95
"RWA",2004,428.54
"RWA",1998,260.63
"RWA",2008,834.91
"RWA",1995,655.29
"RWA",2017,812.03
"RWA",2018,694.85
"RWA",2019,770.3
"RWA",2010,999.84
"SHN",1999,13.78
"SHN",1997,15.07
"SHN",2011,83.94
"SHN",2002,13.92
"SHN",2003,17.98
"SHN",2019,53.81
"SHN",1995,12.59
"SHN",2006,28.13
"SHN",1996,15.88
"SHN",2012,168.23
"SHN",2018,67.23
"SHN",2010,53.67
"SHN",2017,65.64
"SHN",2013,138.83
"SHN",2014,131.35
"SHN",2015,93.88
"SHN",2009,34.77
"SHN",2004,26.25
"SHN",2007,44.09
"SHN",2008,65.95
"SHN",2001,15.17
"SHN",2005,22.55
"SHN",2016,106.56
"SHN",2000,18.67
"SHN",1998,15.75
"KNA",2003,0.42
"KNA",2011,19.79
"KNA",2009,5.2
"KNA",2013,16.32
"KNA",2000,2.44
"KNA",1999,2.1
"KNA",2008,45.79
"KNA",1996,3.89
"KNA",1997,2.12
"KNA",2002,8.18
"KNA",1998,6.6
"KNA",2001,5.86
"KNA",2004,0.88
"KNA",2006,5.21
"KNA",2010,10.78
"KNA",2007,5.9
"KNA",2012,25
"KNA",1995,3.04
"KNA",2005,3.15
"LCA",2001,21.57
"LCA",2006,8.51
"LCA",2004,5.08
"LCA",2005,7.58
"LCA",1999,24.2
"LCA",1997,9.34
"LCA",2003,15.59
"LCA",2012,26.77
"LCA",2013,18.02
"LCA",2000,14.76
"LCA",1998,18.91
"LCA",2002,19.61
"LCA",2008,20.99
"LCA",1996,33.31
"LCA",2014,11.69
"LCA",2017,15.47
"LCA",2007,12.85
"LCA",2019,31.76
"LCA",2009,26.24
"LCA",2016,23.8
"LCA",2011,28.01
"LCA",2010,29.97
"LCA",1995,47.52
"LCA",2015,12.51
"LCA",2018,8.13
"VCT",2011,16.55
"VCT",2015,14
"VCT",2016,16.49
"VCT",2014,8.67
"VCT",2013,7.6
"VCT",2007,64.05
"VCT",2019,45.1
"VCT",2008,25.93
"VCT",2009,19.71
"VCT",1999,15.52
"VCT",1995,48.69
"VCT",2010,14.25
"VCT",2000,4.95
"VCT",2012,11.5
"VCT",1996,23.72
"VCT",2006,6.21
"VCT",2018,14.01
"VCT",1997,6.84
"VCT",1998,13.71
"VCT",2005,7.09
"VCT",2004,10.95
"VCT",2001,5.47
"VCT",2017,14.25
"VCT",2003,5.93
"VCT",2002,5.1
"WSM",2018,130.75
"WSM",2010,98.92
"WSM",2019,112.55
"WSM",2016,91.66
"WSM",1997,28.72
"WSM",2005,36.62
"WSM",2009,56.88
"WSM",2015,89.58
"WSM",2008,38.24
"WSM",2012,93.15
"WSM",1998,31.47
"WSM",1995,36.29
"WSM",2013,101.25
"WSM",2007,33.78
"WSM",2001,37.22
"WSM",2017,119.76
"WSM",1996,33.25
"WSM",2000,22.61
"WSM",2011,76.91
"WSM",2004,29.35
"WSM",2014,96.18
"WSM",2003,30.54
"WSM",2006,44.86
"WSM",1999,25.19
"WSM",2002,38.51
"STP",1996,34.55
"STP",2018,38.92
"STP",2010,33.42
"STP",2007,166.09
"STP",2003,35.36
"STP",2002,26.23
"STP",2004,34.45
"STP",2017,37.07
"STP",2008,57.55
"STP",1998,23.32
"STP",1995,44.92
"STP",2001,27.34
"STP",1997,29.32
"STP",2012,38.85
"STP",2013,46.64
"STP",2016,35.19
"STP",2011,53.45
"STP",2005,32.53
"STP",2019,41.63
"STP",2006,30.21
"STP",2009,26.84
"STP",2000,25.19
"STP",2015,33.84
"STP",2014,43.77
"STP",1999,24.34
"SAU",1997,12.83
"SAU",1999,21.67
"SAU",2003,14.42
"SAU",1996,12.94
"SAU",2005,25.11
"SAU",2001,13.11
"SAU",2006,24.3
"SAU",2007,27.86
"SAU",1995,16.99
"SAU",2000,21.74
"SAU",2002,17.01
"SAU",2004,25.95
"SAU",1998,16.54
"SEN",2018,662.98
"SEN",2009,689.04
"SEN",2017,529.54
"SEN",2016,526.09
"SEN",1999,502.77
"SEN",2013,693.93
"SEN",2015,686.44
"SEN",2008,804.72
"SEN",2005,600
"SEN",2004,1020.1
"SEN",2010,649.81
"SEN",1997,393.93
"SEN",1996,498.92
"SEN",2007,604.92
"SEN",2012,691.08
"SEN",1998,386.11
"SEN",2014,779.16
"SEN",1995,551.72
"SEN",2000,378.94
"SEN",2001,318.68
"SEN",2019,601.34
"SEN",2002,372.06
"SEN",2003,385.88
"SEN",2006,3120.54
"SEN",2011,713.85
"SRB",2019,417.62
"SRB",2016,312.51
"SRB",1996,69.53
"SRB",2013,394.34
"SRB",2011,521.78
"SRB",1995,95.08
"SRB",2012,464.94
"SRB",2015,312.79
"SRB",2009,525.64
"SRB",2010,581.33
"SRB",2014,404.1
"SRB",1997,97.38
"SRB",2017,364.59
"SRB",2018,457.2
"SRB",2008,913.45
"SRB",2003,1194.01
"SRB",1998,108.26
"SRB",1999,707.42
"SRB",2000,1118.59
"SRB",2005,952.03
"SRB",2002,1821.18
"SRB",2006,1527.57
"SRB",2007,769.84
"SRB",2001,1296.6
"SRB",2004,993.25
"SYC",2001,13.1
"SYC",2002,8.69
"SYC",2000,14.96
"SYC",2014,13.44
"SYC",2010,74.12
"SYC",2003,9.07
"SYC",1998,14.16
"SYC",1999,12.63
"SYC",2004,10.71
"SYC",2015,10.76
"SYC",2006,10.78
"SYC",2012,26.57
"SYC",2013,18.71
"SYC",2005,13.36
"SYC",2008,7.8
"SYC",1997,12.93
"SYC",1996,17.8
"SYC",2007,8.91
"SYC",2017,18.4
"SYC",2016,16.87
"SYC",1995,16.23
"SYC",2009,25.29
"SYC",2011,22.27
"SLE",2017,428.89
"SLE",1999,77.48
"SLE",2010,358.71
"SLE",2016,585.77
"SLE",2013,468.89
"SLE",2019,476.61
"SLE",1996,93.9
"SLE",2005,298.56
"SLE",1998,82.58
"SLE",2009,386.69
"SLE",1997,77.89
"SLE",2018,417.33
"SLE",2004,332.16
"SLE",2000,136.79
"SLE",2007,567.28
"SLE",2003,338.07
"SLE",2015,770.39
"SLE",2014,788.51
"SLE",1995,110.47
"SLE",2002,303.89
"SLE",2001,223.15
"SLE",2012,378.73
"SLE",2011,350.56
"SLE",2008,312.76
"SLE",2006,711.47
"SGP",1995,25.88
"SVN",1995,33.8
"SVN",2001,56.23
"SVN",2000,34.53
"SVN",1996,35.76
"SVN",1997,41.42
"SVN",2002,65.58
"SVN",1999,41.53
"SVN",1998,43.7
"SLB",2019,212.89
"SLB",2005,197.44
"SLB",1998,28.03
"SLB",2007,241.51
"SLB",2006,200.31
"SLB",2017,181.18
"SLB",2003,83.28
"SLB",2000,69.55
"SLB",2018,195.56
"SLB",2001,61.76
"SLB",2008,227.21
"SLB",2002,29.46
"SLB",2013,294.38
"SLB",2016,168.39
"SLB",1997,34.42
"SLB",1995,46.55
"SLB",2004,121.45
"SLB",2012,309.85
"SLB",1999,31.01
"SLB",2014,206.58
"SLB",2011,319.92
"SLB",2009,207.64
"SLB",1996,39.91
"SLB",2015,192
"SLB",2010,325.24
"SOM",1999,118.03
"SOM",2001,150.86
"SOM",2007,394.77
"SOM",2000,103.89
"SOM",1997,93.51
"SOM",1998,85.28
"SOM",2012,992.51
"SOM",2013,1058.98
"SOM",2018,1578.59
"SOM",2005,241.27
"SOM",2006,397.12
"SOM",1995,191.33
"SOM",2008,766.56
"SOM",1996,93.69
"SOM",2003,177.47
"SOM",2010,507.16
"SOM",2011,1100.6
"SOM",2002,154.29
"SOM",2019,1875.68
"SOM",2004,203.46
"SOM",2017,1764.9
"SOM",2015,1265.69
"SOM",2009,663.09
"SOM",2014,1113.23
"SOM",2016,1187.94
"ZAF",2016,892.23
"ZAF",2008,947.79
"ZAF",2009,1051.77
"ZAF",2011,1086.68
"ZAF",2015,808.59
"ZAF",2001,433.23
"ZAF",2000,445.9
"ZAF",2006,626.62
"ZAF",2013,1007.98
"ZAF",1999,460.51
"ZAF",2007,733.39
"ZAF",2010,1007.66
"ZAF",2002,506.46
"ZAF",2012,1064.02
"ZAF",2017,969.6
"ZAF",1996,348.88
"ZAF",2014,902.03
"ZAF",1997,443.14
"ZAF",1995,367.73
"ZAF",2005,648.03
"ZAF",2018,940.61
"ZAF",2003,588.89
"ZAF",2004,605.59
"ZAF",2019,733.11
"ZAF",1998,459.7
"SSD",2019,1884.3
"SSD",2015,1676.75
"SSD",2016,1585.14
"SSD",2018,1572.6
"SSD",2011,437.31
"SSD",2012,1186.96
"SSD",2014,1960.77
"SSD",2017,2115.7
"SSD",2013,1394.57
"LKA",2009,530.65
"LKA",2010,405.92
"LKA",2003,234.87
"LKA",2002,192.2
"LKA",2006,485.85
"LKA",2008,596.49
"LKA",2004,268.25
"LKA",2005,729.01
"LKA",2011,381.42
"LKA",2012,317.29
"LKA",2000,189.31
"LKA",2001,179.87
"LKA",1996,239.15
"LKA",1998,197.86
"LKA",2017,261.73
"LKA",1999,199.58
"LKA",1997,208.7
"LKA",2018,254.06
"LKA",1995,285.72
"LKA",2007,520.9
"LKA",2019,220.82
"LKA",2016,226.62
"LKA",2013,313.08
"LKA",2015,252.98
"LKA",2014,279.57
"SDN",1997,150.99
"SDN",1996,207.43
"SDN",2000,208.5
"SDN",2007,2035.41
"SDN",1998,215.98
"SDN",1999,252.35
"SDN",1995,220.43
"SDN",2005,1792.31
"SDN",2002,296.95
"SDN",2008,2298.47
"SDN",2009,2267.19
"SDN",2010,1977.77
"SDN",2006,1979.97
"SDN",2016,782.38
"SDN",2017,770.7
"SDN",2004,981.9
"SDN",2018,968.06
"SDN",2019,1303.1
"SDN",2013,1402.9
"SDN",2014,807.67
"SDN",2003,625.34
"SDN",2001,194.95
"SDN",2015,798.48
"SDN",2011,1622.12
"SDN",2012,1282.83
"SUR",1998,58.83
"SUR",1996,107.57
"SUR",2008,101.64
"SUR",1999,34.22
"SUR",1995,72.36
"SUR",2007,157.27
"SUR",2001,24.05
"SUR",2009,152.86
"SUR",2019,31.11
"SUR",2000,35.18
"SUR",2017,19.78
"SUR",2018,19.44
"SUR",2011,64.62
"SUR",2010,102.46
"SUR",2016,17.67
"SUR",1997,77.14
"SUR",2004,49.04
"SUR",2002,27.76
"SUR",2012,20.11
"SUR",2015,15.42
"SUR",2014,12.2
"SUR",2006,60.28
"SUR",2005,42.56
"SUR",2003,34.53
"SUR",2013,18.97
"SYR",1999,101.47
"SYR",2001,109.44
"SYR",2002,111.03
"SYR",2000,102.61
"SYR",2015,4927.71
"SYR",2005,159.09
"SYR",2013,3681.42
"SYR",2003,142.89
"SYR",2007,227.78
"SYR",2012,1645.27
"SYR",2019,10268.91
"SYR",2014,4197.78
"SYR",2010,315.61
"SYR",2004,163.36
"SYR",1998,146.14
"SYR",2006,179.54
"SYR",2017,10443
"SYR",2018,10013.77
"SYR",2008,330.21
"SYR",2011,422.01
"SYR",2009,366.72
"SYR",1996,106.77
"SYR",1997,119.94
"SYR",2016,8911.45
"SYR",1995,161.32
"TJK",1999,64.39
"TJK",2001,108.66
"TJK",2007,184.98
"TJK",1998,68.03
"TJK",2000,64.14
"TJK",2010,298.75
"TJK",2011,242.99
"TJK",2002,155.61
"TJK",2009,243.44
"TJK",2004,141.24
"TJK",2005,163.26
"TJK",2006,270.21
"TJK",2003,116.98
"TJK",2008,247.44
"TJK",2017,307.83
"TJK",2019,327.23
"TJK",1997,63.96
"TJK",2012,320.01
"TJK",2015,441.61
"TJK",2014,359.59
"TJK",1995,65.08
"TJK",2016,348.03
"TJK",2013,374.5
"TJK",1996,72.74
"TJK",2018,330.53
"TZA",1995,709.6
"TZA",1997,648.17
"TZA",2005,1212.85
"TZA",1996,677.48
"TZA",2004,1542.63
"TZA",2009,1716.63
"TZA",2018,1741.35
"TZA",2011,1971.29
"TZA",2017,1858.97
"TZA",2013,2452.1
"TZA",2010,2028.48
"TZA",2003,1199.74
"TZA",2012,2051.39
"TZA",2001,1154.73
"TZA",2016,1647.66
"TZA",1998,841.32
"TZA",2002,1133.14
"TZA",2008,1798.97
"TZA",2014,1720.53
"TZA",2015,1689.19
"TZA",1999,724.37
"TZA",2000,924.72
"TZA",2019,1514.96
"TZA",2007,2158.43
"TZA",2006,5782.5
"THA",2002,229.1
"THA",2000,235.57
"THA",2010,272.44
"THA",1995,363.67
"THA",2003,228.78
"THA",2004,245.05
"THA",2001,212.86
"THA",2005,264.36
"THA",2012,285.59
"THA",2013,276.81
"THA",1999,258.32
"THA",2009,222.63
"THA",2006,320.63
"THA",2007,281.53
"THA",2014,249.21
"THA",1998,281.59
"THA",2018,169.56
"THA",1996,329.12
"THA",2008,252.82
"THA",2019,191.28
"THA",1997,302.51
"THA",2015,201.4
"THA",2016,203.03
"THA",2011,312.19
"THA",2017,202.26
"TLS",2004,161.24
"TLS",2005,184.62
"TLS",2018,188.54
"TLS",1999,152.82
"TLS",2011,275.8
"TLS",2012,284.28
"TLS",2006,209.14
"TLS",2019,207.41
"TLS",2003,175.03
"TLS",2017,212.02
"TLS",2009,212.55
"TLS",2007,279.96
"TLS",1998,1.67
"TLS",2008,271.37
"TLS",1997,0.43
"TLS",2013,256.99
"TLS",2002,219.05
"TLS",1996,0.08
"TLS",2015,199.94
"TLS",2000,231.27
"TLS",2016,208.82
"TLS",2010,290.03
"TLS",2001,194.17
"TLS",2014,244.91
"TLS",1995,0.02
"TGO",2002,58.72
"TGO",1997,84.55
"TGO",2003,70.33
"TGO",2005,90.58
"TGO",2012,229.61
"TGO",2001,56.59
"TGO",2008,408.02
"TGO",2014,209.38
"TGO",2013,221.87
"TGO",2004,79.38
"TGO",2000,71.89
"TGO",1998,90.78
"TGO",2006,90.73
"TGO",2015,180.66
"TGO",2007,134.28
"TGO",2017,233.55
"TGO",1996,98
"TGO",2009,453.31
"TGO",2010,488.14
"TGO",1999,69.99
"TGO",2011,659.42
"TGO",1995,153.74
"TGO",2018,210.22
"TGO",2016,163.64
"TGO",2019,289.16
"TKL",2003,6.42
"TKL",1997,4.41
"TKL",1998,3.58
"TKL",2011,20.04
"TKL",1996,4.88
"TKL",2018,27.21
"TKL",1999,4.66
"TKL",2004,8.44
"TKL",2000,3.52
"TKL",2001,3.88
"TKL",2019,19.06
"TKL",2007,12.89
"TKL",2005,15.98
"TKL",1995,3.73
"TKL",2009,9.82
"TKL",2010,14.6
"TKL",2013,24.05
"TKL",2014,18.7
"TKL",2016,14.34
"TKL",2002,4.78
"TKL",2012,18.74
"TKL",2017,7.32
"TKL",2006,10.93
"TKL",2015,8.73
"TKL",2008,21.43
"TON",2009,35.67
"TON",1995,33.21
"TON",2010,65.56
"TON",2008,24.67
"TON",2012,80.78
"TON",1996,29.77
"TON",2006,20.99
"TON",2007,29.65
"TON",2016,76.78
"TON",2013,83.65
"TON",1997,24.93
"TON",2005,30.29
"TON",2011,88.99
"TON",2017,78.95
"TON",2014,75.67
"TON",2019,101.06
"TON",2004,20.93
"TON",2000,18.17
"TON",2018,81.88
"TON",2002,19.87
"TON",2015,68.65
"TON",2001,22.57
"TON",2003,21.29
"TON",1998,19.57
"TON",1999,20.7
"TTO",1997,13.21
"TTO",2008,9.48
"TTO",2009,6.82
"TTO",1995,14.96
"TTO",1999,10.34
"TTO",2000,6.25
"TTO",1996,11.98
"TTO",2002,7.01
"TTO",2003,7
"TTO",1998,12.53
"TTO",2001,5.4
"TTO",2006,8.23
"TTO",2007,19.45
"TTO",2010,4.46
"TTO",2004,9.52
"TTO",2005,9.48
"TUN",1997,229.27
"TUN",2009,307.43
"TUN",2008,278.78
"TUN",2019,711.48
"TUN",1996,240.83
"TUN",1998,159
"TUN",1999,205.62
"TUN",2000,140.3
"TUN",2010,303.66
"TUN",2011,434.67
"TUN",2012,603.37
"TUN",2018,490.65
"TUN",2003,230.11
"TUN",1995,180.69
"TUN",2007,338.43
"TUN",2017,438.57
"TUN",2015,423.1
"TUN",2001,184.7
"TUN",2002,213.02
"TUN",2016,400.68
"TUN",2014,538.84
"TUN",2004,285.24
"TUN",2006,339.83
"TUN",2005,286.17
"TUN",2013,421.46
"TUR",2017,2102.96
"TUR",2002,474.58
"TUR",2007,771.44
"TUR",2005,541.11
"TUR",2000,173.78
"TUR",2019,2052.11
"TUR",2018,1535.18
"TUR",2001,216.12
"TUR",2008,669.48
"TUR",2012,766.16
"TUR",2006,598.92
"TUR",2004,430.91
"TUR",1999,250.87
"TUR",2011,672.01
"TUR",2013,766.17
"TUR",2003,284.16
"TUR",2016,2287.73
"TUR",1998,200.08
"TUR",1996,486.11
"TUR",2010,493.89
"TUR",2015,1138.45
"TUR",2014,980.08
"TUR",1997,233.84
"TUR",1995,637.45
"TUR",2009,985.25
"TKM",2000,22.66
"TKM",2018,24.73
"TKM",2019,28.4
"TKM",2017,32.24
"TKM",2015,27.11
"TKM",1999,23.61
"TKM",1996,12.64
"TKM",2003,18.96
"TKM",2001,29.53
"TKM",2002,26.94
"TKM",2012,42.04
"TKM",2007,39.29
"TKM",2016,36.18
"TKM",1998,27.53
"TKM",1995,16.7
"TKM",2011,45
"TKM",2005,32.04
"TKM",1997,20.82
"TKM",2014,38.68
"TKM",2006,47.39
"TKM",2004,50.11
"TKM",2008,44.22
"TKM",2013,39.65
"TKM",2010,45.18
"TKM",2009,36.62
"TCA",1998,8.62
"TCA",2003,1.29
"TCA",2004,1.23
"TCA",2001,5.4
"TCA",2007,15.12
"TCA",1999,7.44
"TCA",2002,3.27
"TCA",1996,4.29
"TCA",2006,0.27
"TCA",2005,3.12
"TCA",1997,4.55
"TCA",1995,5.6
"TCA",2000,6.36
"TUV",1995,7.19
"TUV",2002,11.72
"TUV",2005,8.21
"TUV",2018,17.36
"TUV",2017,23.8
"TUV",2006,14.23
"TUV",2001,8.35
"TUV",1997,10.14
"TUV",2008,15.75
"TUV",2009,15.93
"TUV",1996,10.22
"TUV",2000,4.04
"TUV",2012,25.96
"TUV",2013,28.1
"TUV",2014,34.82
"TUV",2019,34.8
"TUV",2004,8.02
"TUV",1998,5.2
"TUV",2011,37.35
"TUV",2007,10.69
"TUV",1999,3.99
"TUV",2016,21.32
"TUV",2003,6.18
"TUV",2015,48
"TUV",2010,13.91
"UGA",2016,1396.08
"UGA",2012,1315.13
"UGA",1996,466.1
"UGA",2015,1230.56
"UGA",1998,669.83
"UGA",2019,1608.4
"UGA",2011,1257.93
"UGA",2017,1584.4
"UGA",2014,1339.23
"UGA",1995,546.75
"UGA",2000,695.23
"UGA",2001,573.95
"UGA",2018,1533.16
"UGA",2013,1263.63
"UGA",2006,4964.77
"UGA",2007,1269.96
"UGA",2008,1405.32
"UGA",1999,506.3
"UGA",1997,492.31
"UGA",2003,763.14
"UGA",2004,1228.77
"UGA",2009,1305.21
"UGA",2002,690.25
"UGA",2010,1257.85
"UGA",2005,1084.72
"UKR",2008,619.51
"UKR",2007,425.62
"UKR",2019,1139.54
"UKR",2011,599.52
"UKR",2012,632.24
"UKR",2009,604.88
"UKR",2006,490.3
"UKR",2018,1153.61
"UKR",2014,1127.35
"UKR",2016,1148.55
"UKR",2010,609.45
"UKR",2017,1090.86
"UKR",2005,414.09
"UKR",2015,998.28
"UKR",2013,642.87
"ARE",1995,6.51
"URY",1998,29.8
"URY",2005,42.24
"URY",2006,35.4
"URY",1999,28.56
"URY",2000,24.73
"URY",2001,22.89
"URY",2010,48.68
"URY",1997,34.11
"URY",2017,21.81
"URY",2012,27.15
"URY",2013,31.37
"URY",2002,25.07
"URY",2011,40.42
"URY",2016,24.98
"URY",2008,47.87
"URY",2009,52.51
"URY",2004,32.88
"URY",2007,49.59
"URY",2015,29.22
"URY",1996,36.19
"URY",1995,47.62
"URY",2014,29.92
"URY",2003,32.74
"UZB",2013,124.6
"UZB",1997,60.73
"UZB",1998,61.48
"UZB",2012,145.83
"UZB",2004,145.62
"UZB",2005,125.49
"UZB",2011,117.88
"UZB",1996,63.11
"UZB",2010,128.14
"UZB",2008,121.86
"UZB",2016,148.3
"UZB",2003,139.74
"UZB",2014,136.94
"UZB",2015,117.13
"UZB",2019,206.24
"UZB",2002,137.32
"UZB",2017,146.01
"UZB",2018,156.15
"UZB",2007,104.34
"UZB",2001,84.73
"UZB",1995,40.62
"UZB",2009,115.13
"UZB",2000,73.52
"UZB",1999,71.93
"UZB",2006,130.84
"VUT",2019,87.8
"VUT",2004,40.1
"VUT",2003,33.99
"VUT",1995,43.99
"VUT",1996,30.77
"VUT",2018,95.25
"VUT",1998,29.23
"VUT",1999,31.72
"VUT",2000,32.64
"VUT",1997,27.34
"VUT",2017,86.57
"VUT",2015,161.74
"VUT",2014,102.3
"VUT",2008,94.4
"VUT",2005,41.66
"VUT",2006,50.99
"VUT",2007,59.16
"VUT",2012,105.89
"VUT",2009,102.22
"VUT",2010,110.76
"VUT",2011,95.17
"VUT",2013,94.52
"VUT",2001,28.28
"VUT",2002,27.65
"VUT",2016,99.74
"VEN",1997,38.53
"VEN",2019,284.26
"VEN",2005,63.3
"VEN",2006,56.71
"VEN",1996,41.69
"VEN",2009,59.05
"VEN",2010,54.86
"VEN",2011,52.32
"VEN",1998,45.14
"VEN",2013,42.15
"VEN",2014,43.22
"VEN",2015,40.64
"VEN",2012,50.8
"VEN",2018,149
"VEN",2004,51.39
"VEN",2000,62.09
"VEN",2001,39.9
"VEN",2007,66.9
"VEN",2008,58.55
"VEN",2017,89.07
"VEN",2016,46.94
"VEN",1999,35.17
"VEN",2003,54.69
"VEN",1995,52.55
"VEN",2002,48.61
"VNM",2019,610.65
"VNM",1996,465.51
"VNM",1997,465.08
"VNM",2018,691.78
"VNM",2017,702.72
"VNM",2004,708.37
"VNM",1995,563.25
"VNM",2007,1002.2
"VNM",2008,1085.99
"VNM",2005,813.51
"VNM",2006,902.19
"VNM",1999,468.14
"VNM",2000,482.49
"VNM",2009,959.49
"VNM",1998,440.16
"VNM",2016,727.74
"VNM",2003,610.33
"VNM",2012,1024.65
"VNM",2001,512.49
"VNM",2010,1030.57
"VNM",2011,1057.95
"VNM",2014,893.44
"VNM",2002,488.17
"VNM",2015,760.67
"VNM",2013,1019.26
"FSM",1996,1.56
"FSM",1995,0.95
"FSM",2000,52.14
"FSM",1997,0.55
"FSM",1999,50.4
"FSM",2007,117.68
"FSM",2008,131.14
"FSM",1998,47.28
"FSM",2006,101.7
"FSM",2011,130.76
"FSM",2012,120.62
"FSM",2009,118.28
"FSM",2010,128.04
"FSM",2002,52.73
"FSM",2003,55.5
"FSM",2013,106.19
"FSM",2001,50.33
"FSM",2019,114.88
"FSM",2015,80.17
"FSM",2016,86.26
"FSM",2004,71.2
"FSM",2014,98.55
"FSM",2018,49.46
"FSM",2005,69.09
"FSM",2017,91.11
"YEM",2001,192.65
"YEM",2002,166.47
"YEM",2004,238.9
"YEM",2005,217.71
"YEM",2006,208.67
"YEM",2003,193.57
"YEM",1999,209.57
"YEM",2000,261.39
"YEM",2014,890.71
"YEM",2015,1853.9
"YEM",2016,2361.43
"YEM",2017,2759.57
"YEM",2018,7721.17
"YEM",2019,4066.21
"YEM",2007,235.25
"YEM",2008,358.81
"YEM",1995,159.54
"YEM",1996,174.22
"YEM",1997,197.41
"YEM",1998,207.18
"YEM",2012,654.1
"YEM",2013,1063.16
"YEM",2009,464.82
"YEM",2010,587.74
"YEM",2011,528.94
"ZMB",2000,522.81
"ZMB",1997,382.6
"ZMB",1998,353.36
"ZMB",1999,439.17
"ZMB",2004,972.26
"ZMB",2001,588.71
"ZMB",2002,698.12
"ZMB",2003,927.05
"ZMB",1995,522.53
"ZMB",1996,413.02
"ZMB",2010,785.56
"ZMB",2011,949.5
"ZMB",2012,870.82
"ZMB",2013,1068.24
"ZMB",2014,875.9
"ZMB",2015,696.25
"ZMB",2016,791.26
"ZMB",2017,967.73
"ZMB",2018,894.38
"ZMB",2019,789.19
"ZMB",2006,4713.77
"ZMB",2007,924.38
"ZMB",2008,1030.63
"ZMB",2009,957.36
"ZMB",2005,1905.86
"ZWE",2000,187.81
"ZWE",2001,163.18
"ZWE",2002,200.29
"ZWE",1999,225.78
"ZWE",2004,213.87
"ZWE",2005,382.15
"ZWE",2006,287.9
"ZWE",2003,201.54
"ZWE",1995,439.77
"ZWE",1996,317.93
"ZWE",1997,238.02
"ZWE",1998,251.73
"ZWE",2012,1012.38
"ZWE",2013,845.41
"ZWE",2014,760.08
"ZWE",2015,814.97
"ZWE",2016,753.12
"ZWE",2017,728.32
"ZWE",2018,793.48
"ZWE",2019,990.91
"ZWE",2007,477.84
"ZWE",2008,616.6
"ZWE",2009,736.66
"ZWE",2010,721.64
"ZWE",2011,724.45
